Appliances,lights,T1,RH_1,T8,RH_8,T9,RH_9
40,0,20.89,35.4,23.0688,39.7475,19.29,39.03
90,10,21.89,53.1,20.6167,47.5633,16.29,44.2
50,0,21.39,35.5,22.1,39.6267,19.39,38.29
50,0,21.39,41.0333,21.2,38.09,20.29,38.56
70,0,19.9633,35.1267,22.1,39.59,19,40.7
120,10,22.5,44.6967,23.0333,37.9,19.79,39.29
120,10,19.39,36.7,20.29,38.7,17.5,36.79
70,0,22,40.4667,22.79,37.53,19.4267,37.73
50,0,21.89,43.09,22.7,44.1686,20.8233,44.1267
70,20,20.1,37.2,21.29,35.6633,18.0333,35.5
110,10,22.73,44.1,19.1,45.1333,16.9817,43.5767
70,0,22,43.4,21.0833,38.8167,21,42.3
100,0,21.39,41.1,24.0222,39.6733,18.79,40.59
110,20,21.5,38.9667,20.79,42.6267,17.79,38.5
120,0,22,38.9,23.7225,36.87,20.29,36.9667
50,0,22.1,35.29,22.5,41.09,19.8233,37.9333
50,0,21.89,42.4667,23.1,48.054,20.79,45.8267
50,0,21.0667,35.5,22.0333,41.6567,18.89,36.7
30,0,22.1,35.76,23.1667,42.6633,20.39,40.09
140,20,21.0333,44.5267,22.79,43.8833,18.9633,41.4
60,0,19.1333,39,20.29,41.9633,17.89,39.1333
60,0,21.2,35.5,21.5,36.9,19.4267,36.1567
20,0,17.5,41.56,16.9267,44.3633,15.3,40.9
40,0,19.6,46,17.7,50.79,17.1,48.76
340,0,23.23,42.43,25,37.2386,22.89,38.95
70,0,24.5333,46.5,24.1,46.23,23.2,44.59
100,0,19.89,38.29,19.8567,35.7233,17.7,37.8333
60,20,20.7,44.79,20.5,52.9,18.29,47.2
60,0,24.89,47.79,26.3471,54.1957,24,47.2
130,0,20.9633,39.4667,22.0333,37.1267,19.3567,37.6267
60,20,22.73,42.1267,23.6,43.79,21,39.23
50,0,18.7,39.55,20.2,43.03,18,41.03
50,0,21.76,36.3633,21.76,38.1267,19.79,38.356
80,0,20.79,38.29,22.29,37.6267,19.7,36.29
40,0,21.89,46.09,20.7,56.3728,18.29,52.7
350,0,20.39,39.9,21.9267,41.6567,19.5,39.645
100,10,20.9633,47.2633,23,44.9739,19,41.76
140,10,23.6,49.23,24.89,42.6267,20.79,43.3267
50,0,24.79,47.2,25.79,49.9588,24,48
70,0,21.6,36.4333,23.2,37,20.4267,36.53
50,0,25.29,43.09,25.5,50.536,23.7,45.59
120,0,22.89,42.3633,24.1,42.02,20.7,41.1267
60,0,25,48,26.29,52.96,24,47.29
50,0,21.5,42.2,20.7,50.7789,16.5,47.4667
50,0,21.5,45.09,21.5722,54.4222,19.2,50.7
60,0,20.9267,35.6267,21.5,39.86,17.9633,38.1633
20,0,21.29,36.1567,21.9633,40.59,18.29,38.7
70,20,23.29,44.9667,21.0778,54.8789,17.8233,49.8267
40,0,19.2,39.7,19.9939,39.6572,16.8567,38.3333
60,0,22,38.29,22.89,44.09,20.6,41.3267
60,0,23.39,39.7267,23.89,41.59,22.5,42.0667
330,0,22.6,37.1333,21.29,40.8633,18.79,37.59
70,0,22.79,39.2667,22.8233,34.9,21,40.1333
50,0,24.39,44.79,24.65,48.1,22.945,46.6
30,10,21.29,39.7,21.4267,40.73,20.29,39.03
270,30,21.39,40.4633,22.76,34.9,19.7,37.5
50,0,20.8567,35.56,22.89,39.4,18.9267,39.79
240,0,21.5333,37.0567,22,32.2233,19.5333,38.26
50,0,22,37.4,22.4878,42.7983,19.79,42.2
40,0,21.1,35.79,21.6333,37.03,19.7,36.76
20,0,18.89,44.76,18.4694,54.5072,16.4267,49.36
40,0,22,44.29,21.1,54.8628,18.29,48.4333
60,0,23.1,41,24.0333,43.0967,22.5,43.4
20,0,18.7,43.5,17.785,45.2,16.7,43.7
60,0,21,36.36,22.5,34.8333,18.2,39.8633
60,0,22.7,33.56,23.445,31.245,20,37.09
40,0,21.6,47.36,19.79,49.09,18.29,48.76
100,0,21.1,38.9333,20.79,37.59,17.4633,35.26
40,10,21.89,47.09,21.5944,57.28,17.39,51.9
60,30,23.8233,45.8,21.0778,53.3194,17.79,49.29
90,0,20.5,36.5667,20.39,37.29,17.39,35.29
50,0,20.9267,41.9667,20.39,51.545,16.7,48.9667
70,0,22.79,34.79,23.5,37.6633,19.5,34.2333
50,0,22.29,39.2,24,44.5667,20.1,42.2
70,0,21.29,35.2,24.5,40.5667,20.2,37.79
60,0,25.2,37,24.89,35,23.1,39.06
390,20,20.39,43.2667,19.3178,46.2,17.1,47.8633
60,0,20.79,36.29,21.79,41.5267,19.5,40.29
90,0,25.5,49.2,26.7,51.1967,23.934,48.4
80,0,18.89,39.53,19.29,47.6267,17.6667,43.26
40,0,20.76,40.53,21,47.5667,17.6,40.5
150,0,24.29,40.6633,24.58,40.152,22.79,38.95
60,0,21.29,41.2,22.5,49.8483,18.6667,44.79
40,0,21.5,36,23.6,36.1233,18.89,38.9333
50,0,21.5,42.7,21.5,50,19.1,47.09
120,20,22.9267,48.6333,20.945,51.3789,18.6,48.4
60,0,20.89,35.59,22.89,39.4,18.9633,39.76
170,30,20.7,44.79,20.5,52.9,18.29,47.26
120,10,25.0333,40.2933,26.6,34.67,23.2,30.7
120,0,22.5333,39.9667,24.76,39.29,19.89,38.5
50,0,21.79,37.79,21.4267,39.1267,20.29,38.4
100,20,21.5,41,21.77,43.6722,17.8233,38.9633
30,0,19.89,45.5,18.2,49.775,17.2,48.5
110,0,23.6,33.2,24.89,36.4543,20.39,32.7
90,20,21.4267,39.56,20.525,41.695,17.79,38.1267
60,0,21.39,39.2,22.1,44.29,19.79,42.06
50,0,23.2,38.03,23.5,35.59,20.79,39.5
40,0,20.1667,37.2,20.79,43.2,18.39,41.4
40,0,19.6,43.79,18.79,52.2811,16.39,48.4
110,0,22.79,39.4333,24.39,37.92,22.8233,39.33
90,0,19.4267,36.59,19.1,38.23,17.7,37.4333
60,20,23.39,40.03,23.79,41.29,22.39,41.06
440,20,20.6,40.4,20.39,42.1333,16.8233,37.39
80,0,21.76,41.2,21.89,42.09,19.7,40.59
60,20,21.4633,43.1933,20.29,41.79,18.5,40.79
100,20,21.5,40.6633,21.78,43.7344,17.89,38.9
60,0,21.73,36.09,22.3233,41.9667,19.39,38.7233
60,0,22.79,39.79,23.29,49.6333,19.9633,43.3633
130,40,20.23,44.4633,20.29,35.86,17.6,35.6267
60,0,21.1,43.5,21.5,49.9333,18.5286,45.5643
60,0,24.59,51.014,24.574,52.48,23.214,49.4
70,20,21.5,41.8267,22,41.5,20.7,41.09
90,0,24.6,40.53,25.1,44.49,22.39,36.7
90,0,22.1,38.29,23.79,38.6567,20.26,40.59
50,0,21.7,38.76,22.5,44,19.79,41.7
110,0,25.6,31.29,24.5667,35.7233,22.29,37.7
50,0,22.5333,39.59,23.08,38.46,20.79,42.1267
280,0,23.23,39.06,23.2,37.1567,20.5,42.56
40,0,19.6,41.03,19.9267,43.4333,17.29,38.5
300,10,22,43.43,21.79,44.29,18.6,45.1333
40,0,19.9633,45.2,18.3344,49.28,17.29,48.29
50,0,21.5,37.03,21.7,39.4,20.29,37.4
80,20,22.0667,41.8633,22.235,49.535,18.89,42.4667
40,0,20.4267,40.5667,20.89,47.3175,17.6,41.4667
40,0,21.7,42.1633,20.79,49.9578,16.5,47.09
100,10,21.39,38.4986,21.4686,38.6686,18.39,37.4571
70,0,22.39,37.2,22.5,43.8633,20.29,39.9
70,0,22.7,42.1633,23.5333,46.1267,20.79,43.76
50,0,22.6667,39.56,19.29,49.29,17.29,47.59
80,0,20.1667,39.7667,22.2,37.7,17.7,36.4
50,0,18.6,43.4,17.7,45.2,16.7,43.59
40,30,22.2,44.6633,22,51.73,18.4633,46.76
80,0,21.1,34.23,22,35.5267,18,39.09
50,0,19.7,38.06,20,45.2,17.5,39.79
70,0,21.29,37.09,21.2,37.6633,18.5,41.9
120,0,22.89,38.56,24.5571,37.9,22.89,38
70,10,20.76,37,22.8233,37.3267,19.89,35.9
40,0,20.89,36.79,21.5333,37.9,19.6,35.03
90,10,22.9633,46.3267,21.8678,53.1328,17.1,51
390,0,21.7,33.7967,22.9267,30.6,18.5,38.4
60,0,22.5,44.09,24.2,47.59,20.79,45.4667
100,0,22.89,36.53,24.1,34.3,20.6,33
130,20,22.79,39.6933,23.29,38.8633,19.79,38.6633
50,0,20.89,41.79,21.29,42.59,19.5667,40.73
70,0,24.2,41.6267,23.39,43.2,22.6667,43.29
70,0,21.1,39.59,21,39.59,19.7,37.79
40,0,22.2,41.5,23.1,46.8214,21,42.4333
80,0,21.73,35.4333,24.4267,37.1267,20.2,34.43
110,20,21.7,45.43,21.1333,47.26,18.6,44.9971
80,0,22.29,44,24.29,47.1633,20.29,44.7
90,0,22,41.8333,22.7,40.8967,20,42.1267
250,10,19.6,41.59,19.79,45.3633,16.7,40.1633
100,0,21.2,44.93,21.0889,48.7278,19.2,45.76
70,0,17.39,36.6267,20.2,42.0172,15.6,35.59
70,0,21.7,35.3633,24.5,37.2,20.2,34.9667
120,0,23.1,38.6267,23.745,41.29,19.79,38.5
40,0,19.2,38.7,19.3961,46.51,15.89,41.8633
60,0,22.1,36.8057,21.4371,42.4,18.5,39.5386
110,0,25.29,48.5,25.89,48.975,24.2,47.2
110,0,22.79,37.05,22.79,41.56,21.29,42.2
50,0,19.29,37.8633,19.5,44.9667,17.6333,41.36
80,0,21.89,41.09,22.89,42.2233,20.79,39.4
50,0,22.9267,41.23,23.1,40.29,22.5,42.0771
40,0,22.29,43.4333,22.0056,51.5261,19.1,49.29
90,0,22.29,34.6,23.2,37.8514,20.73,37.6
40,0,21.2,44.5267,20.9939,47.4689,19.1333,45.36
100,0,21.5,40.5,23.2,41.79,20.5,43.8233
100,10,20.79,39.3,20.26,37.4667,17.7,35.4
80,0,20.79,38.1633,21.26,40.1267,18.39,40.7725
330,20,24.79,48.76,25.7,47.09,24.1,46.9
50,0,22.6,35.29,23.6,42.3633,20.3614,39.1686
40,0,23.7,35.29,24.79,36.29,23.06,39
50,0,20.2,36.4633,20.79,43.0667,18.2,41.23
40,0,21.26,37.8633,22.76,43.4667,19.5,38.4333
60,0,21.1667,40.03,21.39,40.2,19.76,38.7
50,0,20.6,40.29,22.1,41.4,19.5,39.29
50,0,24.1377,39.0492,24.2078,41.8957,22.1,40.3308
130,0,20.1,37.8267,22.0667,37.4633,19.2,39
40,0,18.89,44.2,18.7,53.6633,17.2,50.1267
40,10,20.79,40.2,20.7,48.9333,18,41.1633
390,0,20.5,42.8267,20.73,45.7,18.5,44.0225
120,0,21.5,41.0667,23.2,41.5,20.5,42.06
50,0,20.39,36.9,21.6,44.7,18.5,40.29
50,0,20.675,41.0675,22,48.9,18.6667,45.26
50,0,24.89,47.56,26.29,54.4,24,47.2
110,10,23.5,48.2333,23.29,39.5,19.79,39.4975
50,0,20.6,41.79,21.79,47.3311,18.7,44.3633
50,0,21.6,38.79,22.1,38.4667,20.6,41.6267
90,0,22.29,39.5,22.6333,42.2667,19.1,37.7
40,0,20.6,36.79,20.39,44.69,17.7,39.595
210,10,20.26,38.6333,23.79,38.4,18.7,39.59
50,0,21,43.4667,20.5,43.2,18.5,41.4
300,20,21.0333,45.6233,20.29,45.4378,18.2,45.23
40,10,20.7,38.2,21.2,42.7,18,40.7
80,10,21.39,45.03,19.6,52.5772,15.69,48.79
120,10,22.79,37.76,23.1667,36.79,21,39.79
110,30,22.29,40.1267,22.2,39.0267,20,34.09
100,0,21.7,36.29,23.76,33,19,38.9
50,0,21,39.5,21.1,39.59,19.7,37.7
50,0,21.2,38.2233,22.6,43.89,19.7,41.4333
60,0,20,35,20.772,38.176,18.0667,38.5267
50,0,19.39,42.09,19.6,47.8,16.6,42.1567
60,0,22.6667,41.3633,23.8043,47.3057,20.7,43.09
180,20,21.5,46.3,22.1,48.9,18.39,46.8633
50,0,19.3567,46.3333,18.255,54.4611,16.39,48.79
100,0,22.89,47.0567,23.6,41.3529,20.89,42.5
30,0,19.5,42,19.6667,46.3267,16.6,40.6333
90,0,25.5,32.43,24.5,35.59,22.29,38.0386
280,20,21,40.4,20.2,40.6,18.39,39.7
130,0,24.4532,37.2644,24.5058,40.7193,22.1,38.0598
80,0,23,35.1633,23.79,33.43,20.73,38.3633
50,10,22.1,39.5267,22.29,39.73,19.79,34.3
20,0,21,45.79,20.6,53.9728,19,50.6633
50,0,20.3233,39.2,20.06,44.314,16.84,39.045
40,0,21.2,38.29,22.39,39.4,19.2,38.03
50,0,24.89,47.5,25.89,51.06,24,48
140,0,21.1,33.6933,21.5667,35.23,18.79,30.3267
240,10,22.1,34.43,22.5,30.34,19.7,37.7
50,0,24.1,40.4,24.5714,46.1686,22.5667,41.9667
90,20,22.1,37.59,23.77,39.2689,18.6,38.09
320,20,22.445,40.895,24.79,40.2967,20.6,40
400,0,20.3567,45.06,19.6,51.4194,16.3233,47.23
230,30,21.89,44.3633,21.79,43.9889,18.5,44.3633
90,0,21.1,39.9667,21.79,39.29,20.29,44.4
80,0,22.0333,41.2933,21,48.6267,17.7,44.29
40,0,19.79,45.2,18.2,48.59,17.2,47.7
40,10,21.8567,47.06,21.4817,57.1978,17.39,52
70,0,21.5,40.4,23.39,44.4667,20.39,42.3633
60,30,21.55,41.45,23.1,39.1567,19.6,38.29
40,0,20.89,36.5643,21,44.5,18.5,41.5
40,0,19.6667,36.6333,19.79,43.79,17.7,41.2
210,10,21,41.212,20.6333,41.6267,18.39,39.7
60,0,22,41.9,22.79,47.19,19,44.9
60,0,22.73,35.8633,21.29,38.03,20.29,37.49
180,30,19.1,44.7233,18,54.0672,15.69,49.1633
120,10,21.2,41.86,20.8233,41.53,18.29,39.59
40,0,22.2,43.4333,22.1,51.8756,19.1,49.4
120,0,21.6333,46.8933,22.6667,36.3633,18.1333,40.2
80,0,22.7,42.5,23.6,45.6633,20.2,43.4
70,0,21.89,36.8,22.89,41.0267,20.29,39.856
120,0,23,41.4567,23.79,37.3333,21,39.76
50,0,23.1,41.2,23.89,44.09,22.6,43.4
50,10,21.5,45.03,19.89,51.8033,15.69,48.59
20,0,21.1333,35.4667,23.31,39.34,19.29,38.59
100,0,22.89,42.95,23.5667,41,20.8233,42.86
40,0,22.1,40.9,22.7,41.2,20.89,45.3633
60,0,20.39,44,18.1,48.8494,16.2,46.09
50,0,22.2,34.29,22.6,39.6267,20.1,37.4
30,0,19.76,46,17.7,50.555,17.1,48.9
70,20,20.7,44.53,20.5833,44.5,18.2,45.1267
70,20,22.79,43.5,21.39,51.02,18.29,46.23
440,0,24.3831,37.661,24.4396,40.9807,22.1,38.5645
60,20,21.6,37.7,23.1,43.6633,19.5,37.5
50,0,18.79,37.9,20.4633,43.26,18,41.59
90,10,22.1333,43.9967,22.6,42.225,18,38.5
60,0,20.9267,41.59,21.29,42.4,19.5333,40.53
50,0,20.79,40.09,21.39,47.755,18.2,45.3267
40,0,19.8567,41.3633,20.29,44.79,17.39,39.4
90,0,22.6667,39.9667,21.29,49.43,17.79,44.2
50,0,21.6,37.09,21.4267,44.9633,19.1,41.09
180,0,20.29,38.6333,20.8567,41.86,18.0667,40.96
90,0,21.6714,38.1214,22.2563,37.1362,18.6,41.09
90,0,21.1,40.0267,21.5667,36.6567,19.79,39.29
60,0,22,36,22.5,40.4333,19.39,37.695
130,0,21.39,43.4667,23.3289,44.205,18.89,41.6175
370,30,23.3567,53.4933,22.7,44.9528,18.89,41.3633
50,10,18.9267,39.4,20.23,42.9,17.9633,40.1333
50,0,20.79,41.495,22.5,42.26,20.5,43.3633
100,0,22.6667,57.4967,24.1,41.7,21.1,43.2
50,0,22,40.6267,22.79,41.514,20.1,41.23
70,0,20.6,41.6233,19.7,37.79,17.6,36.7
50,0,22.5,39.045,23.5,45.76,20.5,39.53
70,10,19.6333,45,17.7956,50.4056,16.2,45.9333
80,0,23,34.9333,22.26,38.4,20.2,36.2
60,0,24.23,39.23,23.89,40.2,23.3471,42.1757
90,10,21.23,37.23,23.23,41.1633,19.5667,38.09
60,0,21.8567,34.7,21.9267,37.4267,18.2,38.7233
90,0,23.5,35,25.6667,34.4333,22.934,33.254
50,0,22.6,38.1633,22.23,39.59,20.3329,39.9429
30,0,21.7,38.6633,22.2,38.0267,20.6,40.8267
110,0,20.7,36.4567,21.79,41.79,19.5,40.6267
60,0,24.1,47.79,24.5333,47.23,23.2,48.59
60,10,20,38.5267,20.29,36.8267,18.2,38.2667
60,0,25.29,39.59,26.1,43.59,23.79,43.7
50,0,20.73,41.9,20.5,43.59,18.5,41.66
90,0,21.1333,33.86,21.9633,34.29,18.79,29.2
50,20,22,38.6633,22.89,38.4,20.6,38.8633
80,0,22.2,37.73,23,42.6214,20.6,43.6267
80,0,22,43.1267,21.1,38.6633,21,44.39
80,10,22.2,43.4333,23.5,42.9333,20.29,42.23
230,0,21.0667,38.79,21.7,32.1267,19.39,38.7
50,0,20.79,37.59,22.26,40.93,19.5,38.8333
110,0,20.79,44.2233,19.79,50.5294,16.39,47
60,0,22.39,38.56,22.79,39.29,20.5,41.2
310,0,23,43.53,24,41.2,20.7,41
140,0,21.23,35.5,22.79,35.59,18.525,39.09
300,40,24,47.05,21,51.6228,17.79,49.29
70,0,24.2,41.6267,23.39,43.7,22.6,43.73
50,0,22.89,39.4333,19.29,49.29,17.29,47.7
140,20,23.5,35,25.89,34.08,22.8329,32.8686
40,0,19,42.09,19.29,51.09,16.7,45.5667
50,0,23.1,45.29,23.5,52.16,22.6,45.776
50,0,22.8567,39.3633,24.2,39.834,22.62,39.576
50,0,22.6333,41.03,23.2,40.06,20.79,43.3267
50,0,21.6,43.29,21.39,52.7,18,45.26
60,0,21.39,38.29,22.9206,43.8878,18.5,40.1267
50,0,20.8567,36.8633,21.5,37.9,19.6,35.09
50,0,19.7,37.2,21.0667,45.03,17.6,38.73
80,0,21.7,34.8333,22.2933,39.43,18.39,39.3333
50,0,21.6,35.2,22.29,40.76,19.79,38.5
50,0,23.5,38.9,24.0857,43.0557,22.6,44.03
50,0,20.79,35.5,22.79,39.29,18.89,39.9
40,0,21.79,37.76,21.39,39.09,20.29,38.145
100,10,25.79,38.73,26.34,42.2,23.39,38.59
80,10,20.7,35.9,21,36.8633,19.1,34.29
400,20,22.26,46.9633,22.6,49.53,18.39,46.79
50,0,20.29,35.1633,21.39,41.23,18,39.79
70,20,25.1,44.7,25.23,46.39,22.6,41
110,20,21.79,43.56,22,46.4,18.5,44.2929
280,0,20.2,37.4633,20.7,41.7667,18.2,40.9
50,0,22.2,39.09,23.6,46.09,20.29,41.23
60,0,21,35.4,24.29,41.2,20.2,39
80,10,20.89,44.3633,21.39,52.565,19.1,49.03
70,10,21.79,44.1933,20.775,46.1022,18.79,45.8633
100,0,20.8567,40.56,22.0833,43.5583,18.2,38.79
60,0,23.7,39.09,19.5,49.4,17.2,47.06
90,0,22,40.3333,23.1,36.9333,20.5,39.56
50,0,20.5333,37.7,20.5,41.56,17.5,38.4333
60,30,25.0667,44.7,25.29,46.7967,22.6,41.06
110,40,20.2,40.53,20.7956,44.0611,18.1667,42.59
50,0,22.7,45.7,20.7956,56.51,17.9633,51.09
90,10,20.79,35.3267,22.3567,34.6933,18.1,39.7
60,0,20.2,36.9667,20.7,37.4,18.6,35.79
60,0,24.79,47.79,25.39,48.59,24,47.29
60,0,20.9633,43.8667,18.0333,44.6267,17.1,46.8333
50,10,19.5,40.6267,20.84,42.61,17.8567,42.86
40,0,19.6,45,19.05,45.3983,17.29,47.1333
90,0,19.3567,45.4633,17.7,50.4667,16.1,45.4
60,0,21.89,37.9,21.39,39.2,20.29,38.4
420,10,21.29,34.4,23.29,33.53,19.7,37.7
40,0,22.39,37.7,23.1056,42.8328,20.6,43.2
90,10,22.3567,45.63,22.39,40.4077,17.9633,38.43
70,20,21.5,38.4,20.2,42.4333,18.1,42.7233
50,0,22.6,41,23.1667,40.09,20.79,43.4667
100,10,21.5,36.59,22.79,38.79,20.39,36.5667
220,0,23.9434,49.3637,23.6114,49.7857,23.0457,46.7746
110,10,24.8309,47.3088,24.1934,49.4445,23.1225,46.9909
110,20,22.89,34.1633,23.4267,30.9267,19.89,35.6633
30,0,20.6,43.1267,20.79,46.26,18.58,45.02
140,10,24.39,38.63,24.5,38.634,22.76,38.5
470,0,24.39,43.7567,23.8233,45.1,22.6,43.5
50,0,23.79,40.29,24.29,43.656,22.65,44.3225
620,0,24.39,44.3333,24.0333,45.9333,22.6,43.5
40,10,19.6667,40.9667,21.29,46.245,17.79,44.29
120,0,21.6,37.36,22.9267,37.56,19.29,37
30,0,19.29,46.59,17.6056,51.005,17,48.79
30,0,18.5,38.76,18.3289,43.6328,16,42.29
90,0,22.2,39.56,22.2,38.26,20,33.9
350,10,21.1333,35.99,24.7,34.245,18.89,38.9
150,0,23.0667,38.56,23.79,41.29,19.83,38.736
30,0,20.3233,39.5,20.2,45.7,18.29,44.4
50,0,19.5,37.2,19.84,43.495,17.39,40.2
50,0,23.26,40.09,19.7,46.6567,17,44.745
70,30,22.29,42,21.8067,40.9272,18.89,40.9
50,0,20.6,40.99,21.6,43.6794,19.1667,44.09
60,0,20.89,36,21.2,36,19.5,35.29
110,0,25,31.8667,26.29,33.4286,23.5,32.45
70,10,20,34.89,20.8767,38.9012,18.0667,38.99
90,20,20.5333,37.3267,21.29,37.645,19.2,37.7233
30,0,19.89,37.3267,20.7,43.7,18.39,41.6267
40,0,22.29,35.29,22.6,40.9,19.79,37.7
50,0,20.89,37.09,21.89,38.7,19.7,35.6267
80,0,22.23,36.39,23.29,37.4667,19.5,39.2
80,0,17.89,35.8633,19.3525,40.7338,15.89,37.89
40,0,22,38.09,22.29,39.29,20.29,38.09
100,20,21.79,38.2667,21.89,37.5,18,36.2
40,0,19.4267,46.29,17.7,50.8756,17.1,48.79
70,0,21.3233,35.2,24.1,33.6633,19.2,38.59
50,0,24.5,39,24.79,44.0257,22.5,43.076
40,0,18.79,46.29,17.445,48.5172,16.79,46.59
70,20,22.6,43.7,23.5,42.44,20.79,41.3633
290,0,21.39,37.8267,21.5,40.9633,19.4267,40.7
250,0,25.3233,47.93,23.89,49.29,23.1,46.5225
390,0,19.79,38.29,20.2,38.03,17.79,37.595
30,0,19.6667,45.06,18.1,48.7,17.1,47.5
70,0,19.7,36.29,21.3567,40.4333,18.2,37.29
60,0,24.79,50.36,25.3233,49.4,23.79,49.2788
120,30,23.29,40.39,21.2,42.4667,17.79,40.29
50,0,20.39,39.5,20.23,45.73,18.29,44.2514
60,0,20.89,42,21.29,42.79,19.5,40.95
60,0,24.89,47.4,25.1429,48.7386,23.956,48.09
60,0,21.29,37.6567,22,39.03,19.6,38.59
70,20,18.4267,43.3267,18.4267,46.89,16.7,45.8633
230,30,20.79,44.5,20.3233,48.2639,18.2,48
160,0,21,38.8267,22.5333,40.8633,19.29,37.245
90,10,22.1,42.3633,18.6,45.76,17,43.1633
90,0,21,36.5,21.3233,40.59,18.39,41.5
50,20,21.1,45.7667,20.5,52.8278,19,49.5967
330,0,20.7,35.53,21.7,39.5667,19.39,39.09
80,0,19.5333,40.9333,21.1,45.2267,17.8233,44.1567
400,20,22.2,37.7,21.89,39.3633,20.5,37.7
60,0,24.26,44.76,24.6,47.6633,23,47.09
100,0,25.1,38.9667,25.312,39.914,22.39,39.5562
80,0,22.2,38.29,23.7,38.1267,20.29,40.23
40,0,21.5,38.7,21.79,39.5,20,37.7
70,20,21.79,43.3633,22,46.76,18.5429,44.2
90,20,22.73,43.3633,21.79,48.53,17.89,44.5
80,0,24.6,38.3633,24.79,40.9267,21.6,39.7
70,10,19.79,36.7667,21.2,42.8633,18.7,39.2
120,20,21.6667,37.76,22.2,38.4,18.2,36.29
80,0,21.2,39.29,22.4633,38.5,20.79,45.4
70,0,21.2,35.29,24.39,41.4,20.2,38.29
70,0,21.15,40.545,20.39,47.7,17.7,44.09
430,20,20.7,38.28,20.89,38.2257,18.5,41.9
50,0,21.2,38.2,21.39,40.26,19.73,38.29
60,0,21.1,39.9,21.39,39.79,19.73,38.3267
60,0,22,36.2,23.7,36,20.5,37.03
20,0,18.89,44.29,18.7,53.42,17.2,50.2
50,0,21.6,40,17.89,44.76,17.1,45.23
90,0,22.2,42.695,20.79,46.3756,16.29,42.8267
90,0,24.7,52.09,25.718,53.63,23.29,51.1057
80,30,22.89,44.93,22.7257,46.6943,22.5,44.06
50,0,23.6,37.7,23.6,42.1267,21.79,43.4
180,0,21.9633,39.26,20.1333,45.2,17.89,41.76
50,0,19.0333,44.03,18.7,54.1492,17.1,49.79
50,0,19.4633,37.6633,20.89,41.145,18,39.1267
50,0,25.1,35.4333,24.6,33.09,23.1,37.56
650,0,20.89,36.7,21.6667,40.1267,19.5,37.9
90,10,21.5667,35.4,22.7,34.76,18.5,39.2
90,0,21,37.8686,20.71,38.29,18.6,38.215
20,0,18.89,43.79,18.0111,45.3389,16.89,44.29
50,0,20.8567,37.2233,20.6,42.8633,17.7,38.6567
80,0,22.1,35.53,24.5,32.9667,19.5,38.06
30,20,21.3233,41.29,22.7,42.8267,19.6,38.6633
60,0,20.79,40.09,21.445,47.745,18.2,45.29
210,0,19.5,38,19.5667,41.3633,17.7,38.845
60,0,22.89,36.29,22.9267,42.7,21.1,41.09
30,0,17.89,45.06,17,47.0961,16.2,44.59
60,20,20.89,36.6267,23.4267,38.0667,20,36.5267
70,0,21,35.4,24.2225,41.025,20.2,39
100,10,20.0333,44.0633,21.6167,43.4539,18.29,39.2
110,20,21.1667,45.5667,21.39,51.9667,18.3567,47.03
100,10,21.3233,38.13,22.29,38.6567,18.2,36.9
140,10,16.89,44.6633,17.0667,50.2083,15.1,44.1633
130,0,21,39,21.73,40.5667,19.39,37.79
270,0,26.1,41.6267,25.39,43.254,24.5,42.09
50,0,22.26,38.1633,22.26,42.5633,20.39,40.73
190,0,20.0333,45.5,18.5667,47.59,17.1,45.06
60,0,21.1,39.29,21.6,39.79,19.39,38.2
40,0,20.6,46.1267,19.1333,54.79,17,47.6633
110,0,23.6,40.79,23.5667,39.3267,19.7,38.6633
60,0,22.7,44.5,24.39,46.56,20.79,45.03
70,0,22.1,34.4333,22.1,35.2,18.2,37.7
560,30,21.3567,36.09,21.26,37.1,19.29,36
40,0,19.89,38.6933,19.79,35.09,17.7,38.79
60,10,22.79,41.2,23.3233,40.09,20.79,41.86
100,0,19.4267,36.73,20.6667,38.4,17.5,36.59
110,10,23.1,36.8633,23.89,37.76,19.39,36.59
70,20,25.3567,39.1267,24,41.6175,23.6,41
50,0,20.89,36.995,19.7,36.3267,18,36.9933
90,10,20.6667,31.93,25,34.2233,19.23,38.9667
50,0,20.5,35.6267,21.3233,42.4,17.89,39.09
40,0,18.89,46.79,17.4817,50.6817,16.8567,48.4667
60,0,20.1,35.09,22.2,39.29,18.9633,40.6633
90,0,23.39,45.9667,24.7,42.03,20.7,43.56
50,0,22.9267,41.29,23.5857,43.7514,22.6,44.29
100,10,22.6,43.4233,22.434,42.418,20.89,44.2233
90,0,21.89,41.09,22.8186,44.9286,20.89,43.7
60,20,20.6,36.9333,20.5,42.6,17.29,37.195
80,10,24.6,33.3267,23.6,36.8633,21.5,38.59
60,0,22.0667,39.9,22.1333,37.3267,20.79,41.59
40,20,21.89,34.8267,22.6,37.5667,18.29,38.7
60,0,20.29,43.59,19.2089,46.8656,16.8233,48.9333
60,10,20.79,43.7233,21.1,47.45,18.39,47.6633
30,0,18.79,46.5,17.39,49.9389,16.79,47.7
40,0,18.6,40.5,18.71,42.29,16.5,38.6267
60,10,24.89,48,25.39,48.59,24.06,47.356
60,0,20.6333,35.2667,21.39,37.1333,19.4633,38.4333
110,10,21,41.3975,22.29,40.9194,17.5,37.56
50,0,19.89,42.09,21.89,49.845,18.8567,45.4667
20,0,19.4267,45.23,18.755,45.97,17.1667,46.59
60,0,22.2,43.7,23.79,48.2,20.79,46.2
70,0,21.5,36.7,22.89,39.6333,20.5,39.2667
60,0,23.79,35.06,25.0333,36.06,23,37.674
80,0,23.5333,35.6933,23.39,37.7,21.5,39.8214
50,0,19.6333,37.2,21,45.09,17.6,38.8633
20,0,22.1333,39.09,23.9267,45.6933,20.1,42.4
70,0,19.4633,38.4,19.39,39.03,17.7,40.4633
60,0,19.9633,35.3333,20.6,37.3243,18.1,37.7667
120,0,19.79,39.1267,20.4267,39.2667,16.23,34.7933
140,10,23,47.6667,23.205,44.1328,19,42.6633
40,0,20.79,44.6567,20.76,45.025,18.29,45.9333
80,0,22.5,37.5,24.1,37.8633,20.26,38.79
100,20,23.6,37.29,25.7,36.22,22.79,34.4714
20,0,20.7,35.7,21.5,41.4333,18.29,38.76
50,0,19.89,36.09,19.6,37.29,17.6,37.29
50,0,20,39.6267,19.89,36,17.79,39.59
40,0,20.1,45.2,18.1889,49.5,17.1,48.9667
110,0,24,40.7,24.5667,45.0967,22.79,40.495
50,0,19.2,43.76,18.75,55,17.1,49.09
40,0,23.29,41.29,24.04,44.798,22.6,42.9667
50,0,21.5,37.5,22.2,42.8628,19.79,42.4
90,0,25.5,46.5,24.7,49.79,23.2,46.79
60,0,22,34.76,22.29,41.59,20.1333,38.29
60,0,24.73,38.59,25.7,40.9286,23.956,45.5
240,0,22,42.7667,22.79,46.3756,19,44.2
120,0,24.945,50.09,25.9214,50.4071,22.9725,47.8212
70,0,22.79,39.4,24.14,40.09,22.7,40.2357
50,0,21.815,37.3175,23.1,44.7,19.6,40.3267
110,0,21.29,38.7,23,43.53,20.5,39.09
70,30,20.6,36.8333,21.5667,38.4667,19.2,37.6333
40,0,22.1,41.59,23.1,47.29,20.89,44.9
40,0,21.2,39.5,22.1,46.9,19.4633,43.59
90,0,23.6,34.06,24.89,34.5,22.89,38.718
50,0,21,37.4,21,45.3267,18.2,41
30,0,20.7,36.5,21.2,43.2,18.1667,41.09
40,0,20.73,36.79,20.79,36.2,18,41.09
50,0,19.2,37.7,20.7,43.1267,18.0667,40.6633
50,0,20.89,40.5,20.5667,49.56,17.8567,45.9667
90,0,24.79,35.76,23.7,38,21.5,39
60,10,20.5,40,22,42.0967,19.5,39.56
400,10,22.2,44.1567,21.0889,50.66,16.79,47.06
70,0,21.29,39.56,22.79,43.9,20.29,42.79
90,0,22.6,35.26,23.575,34.3925,19.5,34.09
30,10,21.7,46.9333,21.29,58.1878,17.39,52.09
50,0,24.6,38.9,24.79,44.1529,22.5,42.7643
70,0,21.5667,38.4,22.5,40.5,19.6,38.09
70,20,21.79,37.4,22.5333,40.99,18.0857,37.6843
410,0,21.79,43.06,20.2,45.46,18.39,47.76
110,0,24.4065,37.5288,24.4617,40.8936,22.1,38.3962
30,0,21.23,35.8267,21.7,37.29,19.5,36.7225
80,0,24.39,35.865,25.2,37.65,23.456,37.316
140,20,22.26,44.3633,21.3961,52.6928,16.79,48.06
120,0,19.89,36.3633,22,39.4633,19.2,38.8633
40,10,18.6,39,18.4939,44.5256,16,42.8267
140,30,22.4267,38.76,23.6,33.56,19.6,37.5667
70,0,22,41.9,22.7,40.4,20,42.2
70,0,20.79,35.09,21.39,42.2,18.2,39.6267
420,10,22.39,46.0633,19.9878,50.645,17.7,49.79
120,20,21.7,43.9667,21.79,46.8267,18.6,44.634
270,10,21.6333,37.3633,22.0333,39.9,19.445,39.4
90,0,22.1,45.8633,20.225,48.2133,18.39,47.9
40,0,22.26,38.76,22.8567,43.03,19.79,40.9667
50,0,21.89,46.09,20.7,56.255,18.23,52.6267
100,20,22.3567,42.5,22.3289,42.1428,19,41
60,0,21.7,40.5,22.5,40.7,20.2,43.5
90,0,17.1333,46.29,18.28,51.08,15,45.5
40,0,20.29,37.9,20.6,46,18.29,42.2
50,10,20.89,33.5,22.5667,34.2667,18.5,39.29
60,10,22.6,32.6933,22.9267,36.79,20.5,37.1529
110,0,20.39,35.26,19.73,35.86,17.79,35.09
50,0,21.275,36.1817,21.1,44.5,18.5,40.9667
50,0,22.29,36.5,22.5,41.95,19.6,37.9
50,0,20,37.09,20.1,43.59,17.6,39.79
50,0,22.29,39.2,24,44.2967,20.1,42.09
30,0,21.6,37.09,21.89,40.6267,20.2,38.6267
30,0,22.0333,39.59,23.2,40.2,20.5,41.56
50,0,25.2,36.23,24.79,34.46,23.1,38.0667
20,10,21.2,47.29,20.89,57.3206,17.6667,52.9667
40,0,22.2,42.09,22.1,41.2,21.3567,41.6267
50,0,20.5,39.4633,20.0333,39.4,18.2,39.612
260,0,21.29,42.9,21.79,39.7667,18.29,38.86
50,0,24.6536,50.0353,24.4735,51.6782,23.1898,48.7636
190,0,21,37.7,20.6,38.23,17.79,36.5
50,0,23.39,38.7,23.4843,39.47,21.79,36.2
50,0,20.6333,43.1267,19.7,46.145,17.1,48.8633
50,0,21.9633,40.9333,22.5,40.3633,20.89,45.56
50,0,21.4267,38.73,22.5,44.79,19.6,41.9667
80,0,22.6,43.8633,21.39,50.0189,18.39,47.59
90,20,21.9267,42.5,22.79,43.7,20.6,42.4
50,0,23.1333,36.09,23,43.79,21.1,40.7
60,0,22.1,38.4,22.9175,44.1037,20.6,41.29
70,0,21.2,41.79,22.4267,43.4933,20.39,44.73
260,0,24,42.36,23.39,44.2,22.7,44.1
50,0,24.1,40.4,24.5,45.856,22.6,42.2667
260,0,23.39,37.915,23.5,42.7,21.89,43.76
270,0,19.5667,41.53,19.29,48.7967,17.7,43.53
50,0,21.89,38.59,22.1,43.1333,20,37.9667
60,0,22.29,35.5,23.3233,42.79,20.39,39.7
50,0,22.1,37.5,23.29,43.1333,19.525,39.6725
20,0,21.79,37.4,22.0333,43.8267,19.23,40
120,10,19.39,36.9667,20.1,38.56,17.6,36.9
50,0,21.89,36,21.6,35.3267,20.7,36.79
40,0,20.29,42.5,19.9022,54.065,16.79,49.73
70,0,23.7,31.9267,24.6,36.73,20.6,37.44
120,0,23.39,36.79,21.9633,41,18.79,37.7
50,20,21.5,46.3633,22.29,49.7233,18.39,46.79
110,0,21.89,34.9,22.79,36.3267,19.6,37.59
60,10,20.6,35.26,21.6,35.73,19.89,38.59
70,0,20.5,41.9267,21.5056,43.3456,19.1667,43.73
60,0,20.89,35.2,21.5,42.4333,18.2,39.6267
50,0,21.89,34.9,22.29,41.6633,20.2,38.4333
120,0,25.5,37.16,24.9057,38.0086,22.29,38.334
130,20,21.89,40.1333,21.9633,39.1267,18.2,37.56
70,0,19.6,36.8333,19.2,38.59,17.39,36.7386
250,0,22.1,43.2567,23.1333,44.4,20.5,43.03
20,0,20.1,36.2,19.84,43.8,17.58,40.4
50,0,23.6667,37.76,23.6,42.4333,21.79,43.4
40,0,23,41.4333,23,40.29,22.5,41.7643
370,0,21,40.4,21.6,42.59,19.39,41.93
50,0,20.9267,37.4,21,45.5,18.23,41.1267
50,0,21.5,38.76,20.26,36.2,17.89,37.4
90,0,22.4267,40.09,21.175,48.27,17.79,44.29
30,0,21.5,38.4333,22.29,38.79,20.5,39.59
50,0,19.89,36.9,21.2,44.5,18.5,41.06
240,0,21.3567,42.9,21.29,42.4,19.39,41.2
240,0,22.73,37.5,23.9267,37.36,19.5,36.59
130,20,20.89,37.8,21.1,37.59,17.29,35.3267
150,10,16.89,44.56,16.89,49.9378,15.1,44.06
40,0,20.39,39.56,20.29,45.79,18.29,44.2
120,20,22.6,41.73,24.6,38.5,20.5,37.4
270,0,21.23,37.0267,22.05,36.69,19.4633,36.43
50,0,20,38.2,20.2,45.23,17.5,39
80,10,22.2,33.6633,25.1,30.89,19.39,37.79
50,0,21.23,35.3633,23.39,38.79,19.29,38.29
50,0,23.0333,39.7,25.5,40.536,22.79,41.018
570,10,24.89,32.6667,26.54,34.296,23.236,30.83
100,0,22.23,34.59,22.79,38.4,19,33.2
60,0,22,37.73,21.39,39.2,20.29,38.23
60,0,19.7,41.06,21.3178,46.4,17.79,44.29
50,0,21,41.5,21.29,42.29,19.5,40.4333
60,0,20.29,33.4,21.39,36.8333,18.2,36.96
60,0,20.39,35.2,22.5,39.1633,18.89,40.29
390,10,19.6,38.8633,20.2,40.8022,15.86,40.8333
490,0,24.4718,52.8316,24.7607,53.9691,23.2589,50.5818
290,0,19.79,39.93,19.79,44.09,17.8233,39.1633
60,20,22.79,45.4,20.8511,56.1067,17.89,50.76
440,0,21.4267,41.5967,24.5,39.4333,20,38.23
40,0,19.89,37.8633,20.7,41.86,17.89,41.5
190,10,25.5,47.06,23.8233,49.3267,23.1,46.53
110,0,23.2,41.5633,23.73,40.1267,20.6,36.99
120,0,25.5,48.4333,27.05,49.245,24.1571,47.2
360,0,18.1,37.06,18.6,37.3561,15.89,36.03
60,0,20.0667,34.4667,21.2,40.06,18.79,38.9
50,0,19.2,44.7,17.9633,47.1633,16.89,44.6567
110,20,21.89,34.7,22.79,35.8633,18.29,38.29
80,0,23.0667,36.23,23.89,35.0267,20.79,38.3633
70,0,21.15,40.59,21.89,41.4417,18.2,38.9
140,20,24.39,38.5967,24.5,38.554,22.7,38.29
50,0,25.1,35.2,24.54,33.134,23.1,37.3267
40,0,18.7,46.29,17.39,49.09,16.79,46.8633
70,0,24.76,49.99,25.3233,49.3267,23.79,49.2129
40,0,20.73,38.09,20.79,40.8633,17.5,37.8725
80,30,20.1,40.3633,20.5,38.76,18.1,37.5
50,0,21.4267,40.5667,20.6667,45.8267,18.254,41.576
20,10,20.1,40.4,20.1,36.53,17.79,39.7
50,0,21.4175,39.645,21.39,40.5,20.29,39.2
50,20,17.79,37.8267,18.205,40.8089,15.6,37.9667
120,0,22.1,39.5225,24.0278,42.3756,20.5,39.9633
50,0,24.2,39.76,24.5,44.678,22.6,45.6843
40,0,18.89,42.2,19.23,51,16.7,46.4667
70,20,22,38.09,21.7,38.4667,17.89,36.23
50,0,24.5,38.4333,24.4529,42.29,23.2,42.3214
50,0,19.39,37.59,20.8567,41.4,18,39.26
60,30,20.7,44.7,20.5,52.7,18.29,47.4333
70,20,21,36.9,23.6333,39.0967,20.1,37.36
70,0,22.1333,42.09,22.9694,46.6878,19,44.36
50,0,21.2,37.2,22.29,43.5,20.29,38.76
270,0,21.79,32.8267,23.1,30.23,18.5,38.23
90,0,22.7,40.3333,23.5,41.218,20.9267,42.23
170,10,19.7,35.03,21.9267,41.1333,18.7,40.09
100,0,21.9633,41.7,23.39,43.96,20,42.29
50,0,20.29,34.2,21.4633,40.06,18.79,38.06
30,0,17.79,40.7,17.2,43.4,15.5,40.2
60,0,21.23,37.86,22.79,43.53,19.5667,38.3633
120,10,20.1,43.6933,19.4206,37.2856,15.9633,36.9667
40,0,19.89,36.2,19.7,43.4,17.6,40.5
40,0,21.39,42.1633,20.65,50.955,16.6,47.59
60,0,21.4267,37.4333,22.79,44.2,19.6,41
60,0,21.79,38.8267,23.4328,43.2733,20.4267,39.4633
260,0,23.29,35.1267,25.5,35.156,22.9214,32.8371
60,0,25.1,36,24.718,34.3,23.1,37.9
60,0,22.89,40.26,23.6,47.2233,19.9267,42.7
30,0,22.1,38.4333,22.89,42.79,20.5667,43.4
130,20,23,44.3633,23.39,43.1117,19,41.3267
40,20,22.1,44.59,21.7,50.2667,18,45.6267
20,0,17.6,41.145,17.0222,43.9278,15.39,40.5
70,20,22.1,35.09,22.79,39.1,19,33.8267
500,0,19.7,45.59,18.5333,49.4,17,45.73
130,10,21.79,40.6633,19.8961,49.6511,16.73,46.09
60,0,21.315,38.5675,22.1,38.23,20.5,39.59
50,0,20.3567,37.1267,21,43.4,18.39,41.09
110,10,21,45.2567,22.84,43.7411,18.9633,41.4667
80,0,22.1,37.09,22.39,36.9667,18.1,39.9333
130,10,20.4633,40.1667,24.0333,38.26,18.79,39.5
110,0,23.1,39.1267,23.9267,40.06,20.39,35.5
50,0,21.0333,41.1267,21.29,41.9,19.6,39.9667
60,0,22.5,42.1633,22.35,40.878,21.29,41.9333
90,0,20.1,45.3267,18.5,47.2,17.1,44.7
50,10,21.4267,47.03,21.2,58.51,17.6,52.79
40,0,20.3567,37.2,20.9267,43.4,18.39,41.1633
40,0,20.7,36.79,19.6,37.9333,17.89,37.09
40,0,21.79,45.53,20.76,55.6939,18.79,50
50,0,21.7,39.59,23.2,40.59,20.89,44.9
70,10,23.39,37.79,25,37.79,22.6,34.79
70,20,22,38.6633,22.9267,38.4333,20.6,38.9
590,30,19.8567,47.6633,19.445,37.1022,16,36.6333
50,0,21.29,35.2,20.6,39.576,17.4529,37.9286
70,0,23,39.7,25.5,40.7986,22.79,41.1214
40,0,21.745,44.79,21.0389,55.1528,18.39,49.79
160,0,22.7,36.7,24.26,38.1633,20.29,40.1267
60,0,24,44.9,24.29,49.9,22.7,46.03
180,0,22.3567,40.7667,24,39.76,21.0333,43.2233
50,20,21.73,48.5,20.39,52.6033,18.26,51.4
70,10,18.1,36.9,19.0333,41.6633,15.8,35.79
50,0,20.9267,45.29,21.265,50.2556,18.89,47.29
70,0,20,33.29,21.29,39.9333,18.2,38.1567
50,0,20.7,46.2,19.2,54.9,17,47.3633
70,0,22.39,45.7233,22.6,44.59,20.8567,45.9667
120,0,21.8567,50.3667,22.29,49.6,18.39,46.7
120,0,23.39,36.6633,22,41,18.79,37.7
220,10,21.76,46.53,23,48.4333,20.5,45.29
420,30,22.5333,42.73,20.8917,42.3456,18.6,44.4667
110,0,19.8233,38.79,20.23,41.1633,17.89,37.5267
60,0,20.76,40.9267,19.79,38.6633,17.89,37.545
60,0,22,41.4333,23.22,47.8617,18.6,43.56
40,0,20.9633,38.79,20.1,37.3267,18.39,41.9
50,0,22.0667,37.5,23.29,43.3267,19.6,39.76
30,0,21.6,44.9,21.65,54.5756,19.2,50.59
50,0,22,38.09,22.29,39.29,20.29,38.26
140,20,22.6,37.36,23.6,33.53,19.6,36.2
40,0,23,38.09,23.7056,42.6106,20.5,41.6633
30,0,19.73,37.2,19.3511,37.4983,16.05,38.245
80,0,21.39,42.6333,21.29,42.4667,19.39,41.26
50,0,22.0333,38.9333,22.89,46.2,19.39,40.4
110,0,22.1,34.59,22.2,34.5,18.2,38.6567
100,10,20.6,33.79,21.26,36,18.29,39.9333
120,0,21.6,36.6567,22,41.3267,20.2,39.09
80,0,20.29,44.2,18.2,49.3806,16.2,46
40,0,21.2,46.2,20.39,51.3878,18.5333,49.4
30,0,21.79,37.79,21.5,39.2,20.29,38.26
50,0,21.6667,42.6633,22.4028,47.6133,18.3567,47.4
60,0,21.23,38.1267,21.89,43.03,20,41.09
100,0,23.5,39.9667,24.83,34.156,22.8471,38.0086
50,0,25.1,35.29,24.6,33.2,23.1,37.4667
80,20,22.6,38.79,23.6333,45.0267,19.79,39.59
80,10,20.6,32.46,25.0333,33.6267,18.9633,39.06
190,0,21.3233,37.9,21.23,43.6567,19.29,40.5267
70,0,22.5,39.76,23.2,43.4267,20.29,42.6333
80,10,18.39,43.76,18.6,48.6333,16.7,46.6333
70,0,23.2,38,23.5,35.5386,20.79,39.5
60,0,25.26,47,25.3757,48.0129,24.1,47.5
230,0,21.65,36.995,24.5,33.36,18.89,38.9
60,0,21.6,44.4,23.39,50.79,20.5,48
740,20,19.5,42.1333,20.5389,39.0294,17.89,39.7
50,0,21.79,35,22.2,41.2,20.2,38.8267
80,0,22.0333,38.9333,21.29,38.054,21.3567,38.59
40,0,25.6,46.79,25.23,47.8633,24.1,46.4
50,0,20.9267,37,21.79,38.3267,19.7,35.29
90,10,24.8809,46.5398,24.1144,48.8145,23.1035,46.4909
120,0,21.55,39.995,21.6,37.29,18,36.09
40,0,19.5333,44.9333,18.9022,45.145,17.23,46.4
90,0,22.73,39.8633,21.39,50.5667,17.79,44.1267
40,0,19.6,46,17.7,50.79,17.1,48.7
50,0,22.2,43.4,22.9686,44.8971,20.79,43.4
50,0,22,36.5257,21.4529,43.08,18.5,39.7
30,10,19,39.9333,19.29,44.9056,16.79,41.59
70,0,25.29,48.8267,26.5,50.4667,23.7,48.5
40,0,21.39,43.2,21.1333,53.26,18,45.59
40,0,21.39,37.09,22.39,41.8267,20.2,36.86
50,0,20.39,37.9,20.445,41.245,18.4214,40.2571
50,0,18.6,38.9667,19.26,45.1633,16.39,42.23
60,0,24.89,47.9,26.37,53.572,24,47.2
50,0,22.89,45.9,23.5,50.73,22.7,47.79
130,0,21.26,43.59,23.225,44.235,18.89,41.59
60,0,22.1333,37.3633,22.5333,37.6633,19.79,39.8267
50,0,22.6,44.6267,20.79,49.8833,18.6,47.7267
60,0,19.89,36.59,20,43.9,17.7,40.9667
50,20,20.79,38.1567,22.5,37.3267,19.79,36
120,0,21.9633,40.9,22.6,41.09,20.79,39.03
50,0,21.79,38.5,22.29,37.5267,20.6,40.3267
30,0,17.945,44.2,17.1,46.4167,16.23,43.9633
60,0,20.89,40.73,22.39,41.45,20.5,40.2667
60,10,20.7,36,21,37,19.1,34.4333
270,10,19.4475,43.97,20.5667,39.2144,17.89,39.7
50,0,22.1,44.9667,20,50.22,18.6,49.06
50,0,22.6,38.79,23.1667,41.6567,19.76,39.56
190,30,25,40.1333,23.8186,41.5571,23.54,41.09
100,0,21.1667,37.5933,20.5333,37.59,18.39,41.8267
50,0,19.6,38.4633,19.79,42.6667,17.5,39.3
60,0,23.6,35.4,24.6,36.4,23.075,39.5562
40,10,20.79,38.29,21.26,42.93,17.9633,40.59
40,10,19.29,44.7967,18.1,48.1633,17,46.1933
90,0,21.5,44.995,22.5333,40.2,19.2,37.2
110,30,23.39,40.1633,23.79,41.3686,22.39,41.23
110,30,21.7,41.03,24.3233,40.5267,20.4633,39.49
100,0,22.23,38.9333,22.1571,38.4429,21.1,39.2
50,0,21.89,41.79,23,47,20.89,45
80,0,22.1,42.4667,23,41.59,20.89,43.7
100,0,20.9633,39.1633,20.79,37.56,17.5,35.4667
130,0,20.89,35.7,21.39,36.29,19.6,35.6267
70,0,24.7,33.4333,23.7,36.76,21.5,38.56
30,0,21.2,38.26,22.29,39.6567,19.2,38.09
30,0,21.4267,37.79,22.1,42.2,18.08,38.572
20,0,23.26,28.9967,23.5286,34.09,20.79,35.26
50,0,20.6333,35.03,21.46,37.26,18.2,39.9667
50,0,21.29,35.76,22.5,40.79,19.39,38.6267
40,0,21.5667,42.59,21.945,51.3978,18.945,45.895
70,20,19.79,47.4267,18.89,52.8,17.2,49.4633
410,0,24.3991,53.9502,24.8756,54.8855,23.2865,51.3091
60,0,21.29,38.9333,21.1,45.4333,17.79,39.2
50,0,24.6,37.8633,25.5,40.5386,23.934,45.29
50,0,19.89,37.8,21,43.1225,18.7,39.29
50,0,21.39,38.29,23,43.9,20.29,43
160,0,20.2,43.9233,22.3789,45.5294,18.7,42.09
50,10,19.6,41.0267,21.235,46.1744,17.89,44.6267
430,10,20.1333,41.9,20.1857,43.2771,17.0667,40.1
50,0,21,36.7,21.6667,38.06,19.6,35.06
100,20,21.1,40.35,22.1222,43.8961,17.7,38
60,20,20.8567,36.4,20.79,40.2,17.29,36.3633
50,0,19.73,38,20,45.0267,17.5,39.7
200,20,23.5,35.1633,25.89,34.44,22.79,33.134
50,0,22.1,43.6633,23.5,43.3814,20.3233,43.1267
70,0,21.8233,36.4,23.4633,36.3633,20.5,36.9333
100,0,22.29,36.2,22.89,35.3633,19.2,34.56
50,20,21.5333,41.09,23.2,38.3633,19.6333,38.0667
110,0,23.5,34.6567,24.89,34.4,22.89,38.5843
50,0,21.7,38.79,22.7,45.9333,19.5,41.4
50,0,20.5,39,20.73,43.9,18,41.09
100,0,21.89,41.5,23.7,44.29,20,42.1267
40,0,22.4529,36.9857,21.89,39.7671,18.39,36.7386
50,0,20.89,40.7,22.84,42.145,20.39,43.2
230,0,21.5667,38.1333,21.89,31.7267,19.5,38.3267
110,0,22,41.1633,24.5,39.59,19.89,38.6267
90,0,22.5,41,23.7,42.09,21,41.1633
120,0,21.39,39.795,22.1,45.2,19.79,41.8633
50,0,21.2,44,21.39,44.9,20,42.425
50,40,19.89,46.0667,18.1,48.59,17,45.4
80,0,22.1,41.6267,22.7,43.86,21.1,45.1633
50,0,20.4633,34.09,21.7,40.7,18.79,36.9333
60,0,20.39,37.5,21.5333,42.3633,19.1333,41.59
60,0,20.9633,41.9,22,49,19.1,46.23
60,0,21.39,41.2,22.6722,49.6022,18.6667,44.76
40,10,21.6,39.26,21.39,40.1267,20.29,39.29
90,0,22.8567,36.7967,22.79,37.29,20.6667,39.1333
50,0,21.29,37.145,21.9267,39.1267,19.79,37.9
90,10,22.29,38.53,23.29,40.4633,19.5,36.4
40,0,18.89,42.1633,19.29,51.09,16.7,46.1633
190,0,21.1667,46.46,22.5,40.53,19.23,37.2
100,20,21.39,42.33,21.6722,43.0478,17.89,39.26
90,10,19.6,32.8333,20.5,37.5267,18.29,40.03
70,0,21.1667,41.7,22.1,48.6694,19.1,46.3267
40,0,19.5,34,20.7675,42.595,18.2,41.09
40,0,19.89,45.4,18.1,49.9889,17.1,48.79
50,0,20.39,35.8,19.7,35.3371,17.7,36.6267
40,0,21.39,37.9,22,42.23,18.1,38.7233
70,0,20.79,38.29,22.29,37.5,19.7,36.2
50,0,21.2,43.4633,21.72,53.215,19,47.6567
60,0,22,39.5,22.5667,45.2,19.29,40.8267
280,10,23.3567,44.0667,19.79,50.3572,17.7,49.29
50,0,24.2,47.1567,24.2,46.8267,23.1333,45.8267
140,0,22.3233,46.4233,23.6,45.15,20.6,45.06
60,0,24.79,38.59,25.7,41,23.9371,45.5643
50,0,21.1,35.59,22.1,41.8267,18.89,36.56
80,0,23.39,42.9,23.254,43.156,22.6,41.834
50,20,20.1,35.7,21,39.6933,18.2,39.03
40,10,21.39,44.56,19.39,51.1633,16.89,45.7
120,0,19,38.8267,20.1556,42.0189,16.7,38.09
40,0,20.89,44.2,17.8178,49.225,17.1,48.4
30,0,20.29,37.5,20.29,43.525,17.5667,39.2
40,0,24.1,47.7,24.39,46.79,23.1667,47.4667
50,0,19.76,37.79,21.2,37.16,18,36.9333
310,30,20.8567,47.4633,17.89,49.3083,17.1,47.59
60,10,21.7,46.53,20.5,53.64,18.29,52.1633
50,0,21.1,40.29,20.7,50.4,17.79,45.7
80,0,20.5333,42.53,20.6,44.6333,18.5,42.6914
80,20,22.2,41.79,21.9572,48.0733,18.89,41.86
60,20,21.6,44.29,23.39,50.59,20.5,48.26
370,0,20.5333,41.23,19.7,38.8267,17.89,37.73
90,0,21.3233,38.9667,22.254,37.736,19.6,39.2
30,0,17.79,42.8633,18.3844,53.3939,15.5,48.4667
120,10,22.39,39.79,23.8233,39.9,19.39,37.6267
50,0,21.89,38.59,21.2,38.9,20.26,37.93
60,0,23.29,41.2,24.2,44.09,22.5,43.09
50,0,22.6333,37.3267,22.6,45.9,20.26,39.06
50,20,22.0333,44.53,22,52.2967,18.4267,46.73
120,20,23.5,38.23,25,35.4567,22.79,35.036
50,20,21.39,42.59,21.4694,50.1328,19.1,47.2
110,0,22.89,43.29,23.7,42,20.8233,43.09
120,0,20.6,42.3633,21.9817,44.5672,19.2,43.7
100,10,22.6,43.29,22.5,43.56,20.8233,44.79
20,0,18,43.7,17.1667,45.735,16.29,43.5
70,0,21,40.4975,22.39,40.2967,20.5,39.59
60,0,22.6,39,23.5667,45.6267,20.4633,39.2233
20,0,19.76,46,17.7,50.59,17.1667,48.9
50,0,19.89,36.2,19.736,43.46,17.6,40.5
310,10,21.2,45.09,19.39,52,16.89,45.9667
70,0,24.2,41.9,23.39,43.73,22.6,43.73
50,10,20.79,41.1333,22.3067,42.3639,17.6,40.73
70,0,21.89,35.79,23,41.79,20.39,40.2
50,0,21.5667,40.5,21.5333,45.3267,17.6,38.6633
50,0,23.2,40.59,23.7,43.718,22.7,43.5514
120,20,21.89,37.7667,22.7,37.06,20.26,31.3567
70,0,23.1,45.6633,24.29,43.8633,20.76,44.23
100,10,20.79,40.56,22,43.17,18.2,38.79
40,0,18.6667,36.76,18.84,36.4989,15.9633,36.9
50,0,19.9633,35.7,20.5,37.2,18.2,39.29
50,0,21,35.29,23.2,39.545,19.29,38.79
40,0,19.7,46.1267,17.72,50.4,17.1,49
40,0,19.5,41.29,19.79,42.8633,17.2,38.2
40,0,21.79,35.09,22.39,40.59,19.79,38.23
90,0,21.4267,36.36,22.29,37.29,19.5,36
70,0,22.79,40.895,23.7,37.06,19.6,37.6633
60,0,24.79,47.9,24.9175,49.0225,24,48
70,0,20.7,38.26,21.2,35.53,18.2,42.2
60,0,22,40.9,22.6,40.6933,20.89,45.5
50,0,18.6,38.1933,18.6,45.3311,16,43.09
60,0,20.79,38.29,22.29,37.7,19.7,36.4
40,0,22.29,38.8633,22.89,39.6633,20.5,41.4
60,0,24.7,47.7,25,48.9286,23.9057,47.9143
160,0,24.8233,52.6567,25.9529,53.1914,23.3329,51.5129
50,0,22,39.09,23.39,45.7,20.29,41.9667
310,0,20.6,39.0667,21.26,35.93,18.1667,41.06
50,0,21.1,35.59,21.5,36.73,19.6,36.23
80,10,22.36,39.6333,22.5,30.1333,19.7,37.59
150,20,22.89,41.69,23.3233,37.89,21,39.79
750,30,22.43,43,23.4144,45.7428,18.6,41.56
50,0,18.76,42.23,19.1333,50.73,16.7,46.9
40,0,19.8233,37.23,19.275,44.8817,15.9267,41.53
390,10,21.89,41.73,18.5,50,16.2,49.23
60,0,21.39,41.7,22.29,38.576,20.5,41.8267
160,40,20.2,38.8633,20.2,41.76,18.23,40.89
100,10,20.7,33.4333,22.7,35,18.6,39.2
60,0,23.9633,37.9,23.79,43.6633,21.79,43.2
50,0,22,35.9,23,37.9633,19.5333,38.29
50,0,21.39,39.73,22.3567,45.1267,19.6,42.2
50,0,21.89,44.56,23.89,52.1333,20.39,47.3633
110,30,21.79,38.9633,24,39.8983,18.7,39.3267
50,0,21.89,39.09,23.7,46.4333,20.1,42.59
110,0,25.4267,50.9,26.76,51.5,24.12,48.976
40,10,19.73,36.29,19.54,41.22,17.5,39.794
50,0,22.0333,44.9633,20.79,54.6,18.79,49.7
50,0,22.76,39.59,23.89,40.418,22.7,41.1083
40,0,20.2,39.9,20.39,48.6725,18.2,42.5
40,0,19.1,39.09,19.39,44.9,16.79,41.5
60,0,22.2,43.7,23.79,48.4333,20.8567,46.26
50,10,21.79,39.9,21.79,44.7167,18,41.9333
50,0,24.1844,38.7848,24.2519,41.7214,22.1,39.9944
50,0,24.39,38.4,24.29,40.5257,23.29,44.5562
50,0,22.39,41.7,23.5,49.64,20.7,44.23
40,10,19.79,36.0667,19.5333,37.29,17.6,37.2
70,0,25.2,48.4333,26.39,51.3267,23.89,48.09
70,0,21.39,40.595,21.56,38.754,21.1333,40.2233
60,0,20.7,43.09,21.3567,49.59,18.6,46.9
40,0,19.89,45.29,18.26,49.555,17.23,48.4333
60,0,22.89,36.3633,24.29,36.59,20.3233,40.1333
70,0,22.7,36.6333,24.29,35.6633,20.5333,34.0667
130,0,21.2225,43.3425,22.14,40.156,20.7,43.23
90,0,20.1,38.6567,19.79,41.1667,17.6,38.2
20,0,19.5,37.59,19.5,39.7,17.39,37
60,0,20.5333,39.5267,21.2,35.8633,18.1,40.7267
80,0,21.39,33.73,21.7,34.26,18,39.2
70,10,21.89,39.4,20.5,45.1,18.2,43.9
90,20,21.5667,37.36,22.7,32.43,18.39,38.2
80,0,21.4633,45.8633,20.79,46.4106,18.79,46.1267
40,0,22.5,35.06,22.8233,39.5267,19.89,37.3633
70,0,21.29,37.3,21.79,43.59,19.29,41.29
50,0,21.79,42.2,23.1714,45.7671,20.3567,44.8633
110,0,21.9633,41.7,23.26,43.2233,20,42.29
50,0,22.2,41.09,19.79,50.2,17.89,45.09
30,0,20.1,35.66,22.275,39.8817,19.29,40.2
60,0,20.79,37.09,21.9267,39.06,19.7,36.06
200,0,20.6,38.6633,21.39,41.09,19.5,39.2667
80,0,21.5,40.5,23.29,44.1633,20.29,40.9667
90,30,20.7,39.6933,20.7,37.26,17.5,35.5
30,0,20.5,42.245,20.1167,52.4661,16.79,49.5
110,10,19.445,36.79,20,38.59,17.6,36.9
90,10,22.29,43.9333,24.23,47.03,20.29,44.6267
50,0,21.29,38.56,22.1,38.2,20.5,39.59
70,20,21.4267,41.6267,22,41.4667,20.7,40.53
270,0,22.89,36.6633,23.29,38.59,20.6667,38.2233
70,0,21.39,43.5667,21.39,51.8144,19.1,46.73
20,0,20.6833,37.2933,20.8614,44.4114,18.5,41.9
230,0,20.1,34.9667,20.2,37.29,17.434,35.2
60,0,20,37.09,20,36.6267,18.0333,36.6267
50,0,22.39,33.8633,22.89,38.4333,20.1,36.1333
80,0,22.39,40.2,21.9878,40.1794,17.8233,38.5
70,0,20.89,42.9333,21.6778,46.2883,19,42.56
80,0,23.4267,38.79,24,42.3971,22.6,43.4633
50,0,19.7,36.3175,21.0333,41.06,18.2,37.59
270,10,20.365,39.35,21.1,36.29,18,38.9633
70,0,20.6,38.1567,21.1286,37.09,19.2,35.76
50,0,24.5667,38.9333,24.7771,44.1371,22.5,42.834
60,0,22.29,38.745,22.1971,36.8214,20.76,40
60,0,21.79,40.9,24.2,44.93,20.29,40.345
50,0,19.89,37.4,20.6667,43.76,18.39,41.76
60,0,22.29,35.53,23.29,42.59,20.39,39.7
60,0,21.73,36.2,22.9267,39.8333,19.39,36.6333
70,10,23.39,39.5,23.6,38.79,19.6667,37.9667
60,0,22.0667,39.56,22.29,41.73,20.29,41.272
50,0,19.89,35.8333,20.39,36.9333,18.2,38.59
20,0,19,37.5,18.8733,46.7139,16,42.59
100,0,25.5,49.1267,26.7,51.6633,23.89,48.4
690,10,22.5333,45.0267,23.1983,43.7761,19.0667,42.9667
120,0,24.1,36.55,23.9267,40.76,22.254,41.32
130,0,20.29,39.2,19.79,40.7667,18.29,41.1933
50,0,22.5667,42.29,22.0889,48.8989,19,44.56
50,0,20.7,35,21.7,40.43,18.0333,39.79
300,20,21,38.0267,20.7,35.09,18.29,39.4667
100,0,22.6667,38.9667,24.1,39.09,20.29,38.2
100,0,23.7,43.2633,23.39,36.3756,20.5667,41.76
260,0,21.5,40.1,20.1,36.56,17.79,37.5267
70,0,19.4633,39.89,19.39,39.4,17.6,37.2667
70,20,22,38.4,21.8567,37.8333,17.89,36.2
60,0,21.5,38.2,23.1,42.8267,20.29,42.76
50,0,21.79,36.76,22.29,43.09,19.7,39.56
60,0,20.6,35.59,21.6,40.3633,18.89,37.6633
110,0,22.1667,36,24.26,36.1633,20.5,34.6633
70,0,21.4633,41.36,22.39,37.59,19.39,33.1267
120,0,24.4649,37.1983,24.5169,40.6757,22.1,37.9757
50,0,24,30.5333,23.2386,34.4429,20.79,35.5
210,0,22.23,45.2933,22.8789,45.3806,19,43.9333
130,0,20.2,37.1567,22.5333,36.9667,19.1,39.3267
50,0,19.76,32.9667,20.29,37.79,18.29,40
80,0,21.0333,40.3633,23.39,39.5172,18.79,40.59
50,0,21,33.5,22.39,35.5,18.7,30.4933
120,10,17,44.1633,16.3678,47.67,15.1,43.76
50,0,22.39,37.7,23.1,42.79,20.6,43.29
70,0,20.3567,43.7,18.3583,50.9711,16.29,46.9333
60,0,20.89,36.2667,24.2,40.7,20.2,39.1633
50,0,21.6,36.9,22.1,42.59,19.7,39.79
140,20,22.7,36.8267,22.5,39.03,19.2,35.79
50,0,22.2,39.29,23.1,40.2,20.4267,41.53
90,0,22.1667,35.4333,22.7,38.0967,19.1,33.5
20,0,20.29,44.5,17.79,49.5,17.2,49.26
60,20,23.1333,42.29,22.29,47.4861,18.89,42.73
560,0,21,38.9,22.5333,40.73,19.29,37.2
50,0,22.79,42.86,23.6,44.4567,20.79,43.3633
50,0,19.5,37.2,19.5,42.4567,17.6,39.5267
60,0,23.89,29.7267,23.29,34.5,20.79,35.59
40,0,19.39,40.29,20.1,39.705,16.89,38.59
60,0,22.79,39.9,23.39,49.6267,19.89,43.06
50,0,22.39,39.4,22.6,36.9,20.79,40.7
40,0,18.39,38.79,18.0278,41.7311,15.89,39.9667
60,0,23.39,44.9,23.5,48.8971,22.5333,44.4667
50,0,22.29,45,20.8733,53.5572,18.76,49.3633
70,0,21.73,37.7,21.5,39.1267,20.29,38.2
60,0,22.29,39.59,22.5,36.9,20.79,41.26
120,0,22.1,43.73,24.29,38.9,20.39,37.6633
330,0,20.79,38.03,20.476,37.378,17.89,41.5
60,0,23.2,46.8267,22.79,48.196,22.7,45.09
40,0,18.79,46.5,17.39,50,16.79,47.79
60,0,21.89,44.5,24.0667,50.6933,20.39,46.9667
210,0,23.7,39.6933,23.6,43.56,22.1,43.59
60,10,23.79,41.5,24.39,43.3333,22.6,40.94
120,0,23,35,22.29,38.29,20.2,36.2
60,0,20.8233,41.9333,20.4022,52.1017,16.7,49.06
110,0,24.79,37.9667,24.0667,40.1,21.6,39.2
300,0,22.3567,43.53,22.79,44.9778,19,41.7
20,0,19.89,45.4,18.1222,49.9,17.1,48.79
50,10,22,41.1267,22.5625,42.2338,20.79,41.1
60,0,21.89,39.09,21.2257,37.5257,23.13,37.5333
110,20,21.7,41.9,23.89,41.4633,20.4267,39.5967
120,30,21.79,44.4333,21.8122,43.8067,18.5,44.23
50,0,20.1,40.2,20.0667,36.3333,17.79,39.79
90,0,22.5,39.0933,23.6,37.59,20.79,38.6567
50,0,22.4633,41.5267,23.29,48.6333,20.89,44.29
50,0,21.29,35.29,23.4633,38.79,19.29,38.23
60,0,20,36.9667,19.9725,36.7225,18,36.59
30,0,21.55,42.29,18.3789,49.9889,16.29,49.59
70,0,25.6333,46.8267,26.5,49.4,24.1,48.9486
120,10,21.1,36.9667,22.4267,39.53,18.29,37.46
120,0,21.5,41.1933,23.2,36.59,19.7,37.9
280,10,22.4267,42.5633,23.89,43.936,20.7,45.6
80,10,20.7,35.29,21.5,35.09,19.79,38.59
60,0,22.8233,38.03,23.5111,43.0322,20.5333,42.03
50,0,20.5,36.29,21.1,43.1633,18.2,41.09
170,0,23.175,34.82,23.29,37.4,19.6,36.3333
140,10,23.1,38.59,23.79,41.29,19.8043,38.6186
30,0,21.7,40.09,23.1,44.79,20.39,43.09
70,0,20.89,42.5,21.29,43.59,19.5,41.6633
50,0,22.3233,38.9333,22.29,36.59,20.73,39.76
340,0,19.9267,37.26,22.5333,37.86,18.39,37.8633
60,0,22.79,39.79,23.39,49.76,19.89,43.09
190,0,23.29,38.25,23.3067,37.165,20.5,42.5
70,10,21.2,39.73,21.79,41.1267,19.39,39.5
150,20,24.7,37.93,24.26,40.8333,21.6,39.4
60,0,21.6667,38.9333,18.3456,42.6939,17.6333,45.53
60,0,24.2,39.7,24.5,44.7,22.6,45.59
110,10,20.76,35.23,24.8567,37.59,18.89,39.2
70,0,21.6,35.2,24.6,37.9,20.2,35.86
50,0,22,41.2,23,45.3843,21,43.4667
100,0,22.89,43.1633,23.6,41.3633,20.8567,43.29
210,20,21.39,38.36,23.4175,40.75,19.5,37.9
100,0,21.8567,39.4,20.1,45.3633,17.79,41.9975
60,0,21.26,41.2,22.7,44.06,20.39,46.06
30,0,21.6,36.03,23.6,35.53,19,38.9
60,0,19.3567,38.79,19.6,46.6867,15.89,41.3633
90,0,19.29,40.6633,19.2,44.4,17,40.26
80,0,20.26,44.1967,22.5944,45.1878,18.7,41.9
50,0,25.5,39.5,26.29,43.925,23.6857,42.5086
60,0,22.26,43.4667,23,44.536,20.79,43.2
50,0,24.2,41.6633,23.39,43.2,22.6,43.29
20,0,18.1,43.4,17.2,45.29,16.29,43.2
100,0,23.73,40.1633,24.39,41.7371,22.6333,40.5967
100,10,20.23,42.1633,21.715,42.765,18.2,38.59
20,0,18.79,43.7,17.9939,45.3328,16.79,44.09
60,0,21.9633,43.1633,24.2,40.0667,20.26,38.2967
50,0,23.2,38.2,23.8678,41.2589,20.5,40.43
370,0,21.29,38.1633,22.6667,43.8333,19.6,41.29
110,10,21.1,42.59,22.84,43.2067,18.7,43.09
50,0,24.89,48.7667,25.29,48.4,23.912,47.79
90,0,22.0667,41.8633,18.5944,49.9056,16.1,49.06
40,0,17.8233,40.4633,17.285,43.3939,15.5,40.09
430,30,20.2,40.9,20.89,44.5367,18.2,43.53
60,0,21,37.59,22.1,42.79,20.29,39.8267
50,0,23.2,37.2,23,37.59,20.39,39.09
60,0,24.2,44.7,24.5667,47.1633,22.89,47.53
60,0,24.2,40.29,24.64,45.94,22.5,40.8333
40,30,21.39,42.5,20.3567,42.4,18.5429,41
60,0,20.89,40.7667,21.5333,42.4,19.39,41.6267
50,0,23.4633,38.26,23.39,38.9,21.7,36.29
50,0,19.4633,37.6633,20.89,40.6933,18,38.9667
20,0,21.89,39.7,22.3567,42.29,20.29,41.5
50,0,22.29,42,23.39,48.7257,20.7,44.7
90,0,22.2,39,21.6986,38.4129,21.2,38.9333
60,20,22.0333,38.1267,23.39,41.9667,19.5,37.03
90,0,21.6,39.29,22.3622,41.4667,18.1,38.59
40,0,21.5,42.59,21.5111,50.02,19.1,47.09
50,0,20,39.45,19.89,35.73,17.73,39.4
80,0,22.29,36.39,23.29,37.3267,19.5,39.2
50,0,21.29,46.2667,20.775,54.0172,18.6,50.4333
40,0,19.89,38.09,20.1333,45.2,17.5,39.2675
70,0,25.29,47.8633,25.76,48.79,24,47.5
50,0,24.1,47.79,24.6667,47.4667,23.2,49
50,0,21.6333,36.4333,21.79,38.4333,19.79,38.5
50,0,21.76,43.53,22.26,43.4333,20,42.7
70,20,20.5667,37.59,20.6667,36.9667,18,41.29
60,0,23.6,35,23.29,44.56,21,38.2643
50,0,23.29,34.3267,24.7914,38.3557,20.39,35.66
50,0,24.2,47.6633,25.39,49.8267,23.236,49.634
60,0,20.39,35.2233,20.6667,33.59,17.9267,38.1933
100,0,24.4267,36.39,25.39,37.56,23.412,34.678
50,0,19.89,44.26,17.89,48.7672,16.6,48.76
60,0,19.73,36.5,19.89,43.9,17.7,41.09
50,0,21.76,42.4,23.04,37.254,20.39,38.43
50,0,24.8567,47.4667,25.5,48.4714,24,47.09
50,0,24.1,47.59,25.2,49.4,23.29,49.79
110,0,19.9633,45.8633,17.78,49.7,17.29,49.59
50,0,19.79,37,20,43.4667,17.6,40
100,20,23.4633,41.3333,23.5,39.8214,21.89,36.9333
90,20,20.29,37.6333,19.79,35.656,17.79,37.2
100,0,21.7,33.4267,21.7736,39.0691,18.39,39.3267
50,0,23.39,40.06,19.7,46.93,17.1,45.3267
50,0,20.5,37.6267,20.39,42.1,17.5333,38.73
50,10,24,47.76,24.9633,49.26,23.29,50.09
360,20,23.5,35.06,25.89,33.98,22.79,32.718
50,0,24.1,47.8267,24.6,47.4,23.2,48.8725
50,0,21.5,39.4333,22.9633,38.9667,20.79,45.2
290,20,23.2,41.2267,21.0444,42.4867,17.79,40.4
90,0,21.6,39.4667,24.39,39.1567,20.4267,38.0667
50,0,24.4267,38.1567,24.5,42.4633,21.6,40.3
50,0,20.6,43.9,18.39,48.7,17,48.8633
50,0,22.5,41.4333,22.2,39.8686,21.1333,41.23
80,0,17.6,36.3633,19.9817,40.8544,15.69,35.79
90,20,22.79,44.8333,19,44.79,16.9633,42.8633
60,0,22.8233,36.23,24.1,36.53,20.39,39.8267
50,0,21.7,37.4667,21.39,41.9,18.2,38.6567
60,0,21.79,38.7,22.6,44.29,19.79,41.59
140,20,22.6333,37.09,22.3233,39.06,19.2,35.79
280,20,21.29,43.73,22.235,44.52,19,42.23
50,0,18.9633,36.9,19.1056,36.345,16,36.9667
70,0,22.79,37.2,22.79,41.9667,21.1,41.4
240,10,21.7,46.59,23,48.5,20.5,45.4
60,0,21.7,36.9,22.2,42.79,19.6667,39.76
20,0,19.29,40.1267,20.05,39.79,16.89,38.59
20,0,20.29,35.03,22.6,41.09,19.29,39.9
60,0,25,48,26.245,50.29,24.29,48.7
80,0,21.6,38.645,22.5,36.9,19.29,37.2
100,0,21.5,39.6633,22.0167,41.6511,18.2,38.9
50,0,21.79,36.29,21.3043,44.3929,18.4843,40.0371
130,10,22.3233,43.09,21.39,43.4,18.6,44.9667
50,0,23.23,41.59,22.79,39.6843,22.6,42.59
580,0,21.6,34.6267,22.79,31.03,18.5,38.5
20,0,21.1,43.9,21.6,53.5,19.0667,48.3333
90,0,22.7,36.1633,23.5333,40.1633,19.79,37.29
100,0,23.1,38.8633,23.9267,39.9333,20.39,35.4
90,0,20.9633,39.7333,21.5,39.9667,19.6,40.23
50,0,23.76,34.7,23.2,42.99,20.89,37.42
50,0,20,35.6267,20.79,38.1633,18.1667,37.9633
40,0,18.8567,40.29,18.8178,41.5906,16.7,38.73
50,0,21.6,42.5,21.6,50.015,19.1,46.9333
600,20,24.89,48.1333,25.2,47.29,24.29,46.2643
50,0,22.6,35.2,23.6333,41.76,20.39,39.0257
30,0,18.7,37.76,18.7,46,15.9633,42.9
30,0,19.5,46.09,17.7,50.79,17.1,48.7
50,0,19.76,35.4,20.5667,38.6567,18.1,38.0567
170,0,19.6,36.8633,19.16,38.29,17.39,36.2129
220,0,21.4633,39.4667,20.1,36.1633,17.79,36.9667
60,0,22,39.09,23.8567,46.26,20.1,42.5
110,10,20.9633,43.86,22.2,42.1178,17.6,37.79
80,0,25.5,50.9667,26.6667,50.7667,24.1,48.4
50,0,21,35.4,22.29,41.2,19.39,39.3633
60,20,21.6,44.2,19.29,49.23,16.89,44.5
60,0,21.29,35.79,22.2,42.9667,18.89,35.73
50,0,22,34.1633,22,35.9,18.2,37.5667
580,0,23.6333,47.2267,23.89,48,22.89,46.4333
380,0,22.89,46.36,24.29,39.2957,20.89,40.2233
60,0,22.89,45.9,23.5,50.9,22.7,47.79
70,0,22,36.2,21.76,37.76,19.8186,37.9
70,10,20,34.2667,20.29,38.79,18.29,38.7
20,0,21.39,42.29,21.9817,48.8817,18.39,48.09
590,20,21.29,36.6333,23.39,33.5,19.6667,37.76
60,10,21.5,39.49,21.15,37.745,20.29,38.59
70,10,22.1,42.4667,23,41.73,20.8233,43.73
60,0,20.89,36.0267,21.5,36.09,19.29,33.9
30,0,19.5,42.1333,19.6,46.6,16.6,41.1
40,10,19.23,41.23,19.29,48.1267,17.6,43.2
50,0,23.39,41.29,24.29,44.8,22.5,43
350,0,22.5,42.5267,24.8567,39.5267,20.6,39.89
110,0,21.4267,36.03,22.7,37.09,19.39,35
50,0,19.23,38,19.5,45.56,17.6333,41.7667
230,20,20,40.1633,20.1667,45.43,18.1333,42.23
300,0,22.39,45.8,23.79,40.6633,21.1,43.6267
50,0,24.2,34.4667,25.5,35.6267,22.79,33.93
100,0,22.1667,38.4333,23.79,39.025,18.6,38.43
100,0,21.5333,42.4,23.2,43.2,18.7,42.4
40,0,20.29,36.56,20,37.4,17.7,38.8267
60,0,21.4633,41.9667,23.6,42.93,20.39,41.4667
90,0,19.79,35.5667,20.6,38.53,18,38.0667
210,0,21.5,41,22.89,43.1333,20.2,41.23
140,20,22.7,36.83,23.6,33.3633,19.6,35.4633
120,0,24,40.8667,23.6667,41.3267,22.2,41.9814
60,0,21.7,35,21.8567,38.8633,18.2,39.09
70,0,24.39,46.59,24.2,46.4,23.2,45.06
50,0,23.4633,37.76,23.5,42.23,21.8233,43.53
50,0,21.89,41.79,22.1,41.4,21.73,40.0267
50,0,21.8567,42.76,22.35,42.616,20.79,44.2667
230,40,21,44.8267,20.6333,48,18.6,45.554
60,10,20.79,37.7,22.7,37.4,19.8567,35.9667
80,0,22.1,36.1267,22.89,37.53,19.3233,34.6667
130,10,20.8567,34.46,22.0667,33.09,19.6,38
70,0,24.8233,49.73,26.2771,49.9214,23.06,48.674
50,0,25.2,48.4667,26.5,50.718,24.2,47.8214
100,0,22.2,36.8633,22.79,36.6267,19.29,32.29
370,40,21.2,46.0667,17.89,49.29,17.0667,47.56
240,0,24.6667,46.9967,24.39,47.3633,23.1,43.425
50,20,20.5333,38.29,20.39,43.9633,17.5,37.3267
90,0,22.2,39.09,21.9214,38.4,21.1,39.03
80,0,21.2,36.5,22.1667,40.5667,19.5,38.918
40,0,19.5,46.23,17.7,50.79,17.1,48.79
30,0,20.2,35.5,21.1333,40.9,18.2,39
50,0,23.2,41.7,23.4843,43.0786,22.6,43.2
70,30,23,43,23.14,43.92,22.6,43.9
50,0,22.89,39.29,23.9267,42.66,20.3233,37.3333
80,0,20.7,33.73,22,35.2,18,38.8633
80,0,18.5,38.7,18.29,43.5139,16,42.1633
30,0,21.39,48.3667,21.1611,50.8206,19.2,48.09
30,0,21.5,38.5,22.39,38.9333,20.5,39.56
50,10,21.89,44.3267,21.89,52.9667,18.5,46.79
50,0,21.815,47.425,20.1,51.3328,18.2,50.26
60,0,21.7,37.3633,22.29,42.7,19.79,42.4
100,0,21.39,37,22.2,37.26,19.4267,36.03
100,20,23.2,46.5,21.4694,49.6911,18.39,46.9333
70,0,21.5,36.1943,21.7225,35.995,18.7,41.4
440,0,22.7933,37.6,23.2,36.5,19.6,37
50,0,21.6,40.06,17.89,44.79,17.1,45.3633
30,0,21.2,43.4,18.6,48.1878,17,47.7
50,0,20.89,35.6267,21.39,36.3267,19.6,35.7
150,10,22.2267,44.6967,22.73,38,21,38.9667
80,0,23.39,39.2667,23.5,39.772,21.89,36.5667
320,20,21,44.43,20.285,47.7144,18.26,48.5267
60,10,20.79,44.29,20.6,51.3017,18.29,49.79
70,0,25.1,39.03,25.2643,40.7929,22.39,39.6843
50,0,22.1667,41.5,23.1,46.5543,21,42.6267
300,0,23.2,48.7967,23.39,44.09,21.2,43.26
80,20,21.1,44.6667,21.5,42.645,18,39.7225
50,0,21.89,36.4,21.7,37.79,19.8043,38.0514
30,0,21.29,37.1267,22,42.2233,19.7,40.5
80,30,19.6,38.73,20.79,40.79,17.8233,38.5
70,10,19.73,41.3333,19.79,44.23,17.79,39.5267
90,0,23.6,41.1333,24.5571,43.4571,22.6,40.7
110,0,21.23,39.99,23.745,38.96,18.89,42.0267
200,0,22.39,41.1333,22.3567,41.1267,19.76,42
80,0,22.5,32.1933,22.89,37.06,20.5571,37.2386
50,0,23.6,37.7,23.6,42.09,21.79,43.4
110,0,24.2,33.56,23,34.43,20.934,35.9
60,0,19,38.7,19.29,47.025,15.89,42.29
50,0,21.6,37.5,21.3567,42.3267,18.2,38.8633
40,0,21.23,36.59,20.8567,41.2667,17.7,37.06
70,0,24.79,47.1633,25.5,48.4,24,47.036
40,0,19.79,43.79,19,52.3817,16.29,48.2
70,0,21.89,39.9667,22.7,37.29,19.4633,37.6633
20,0,19.7,46.2,17.745,50.29,17.1667,48.9667
470,0,20.1,37.5667,20.5,38.2,18.6,36.53
60,0,20.1333,37.1633,20.5,38,18.6,36.29
40,0,20.5,44.26,17.8344,49.4444,17.1667,48.9667
50,0,19.79,44.1633,17.79,49.1206,16.5667,49
40,0,20.29,38.49,21,43.26,18.1,41.8267
50,0,18.89,44.2,18.7,53.7257,17.2,50.06
20,0,19.79,37.2,19.39,37.3633,16.0333,38.23
100,0,21.9267,35.93,22.76,39.06,19.1,33.5
20,0,19.1,42.09,17.8567,45.8633,16.89,42.4667
90,0,24.7,52.1633,25.6,52.9714,23.29,50.7643
50,0,23.89,35.06,25.1,35.9,23,37.44
60,10,22.7,41.345,23.89,47.4,20.7,43
50,0,21.29,39.5,22.1,47,19.5,43.56
50,0,20.5,38.1633,20.6,42.1243,18.5,41.26
100,0,22,47.0933,22.5,38.4667,21.0667,40.0633
80,0,23,40.9567,23.79,41.334,22.5,43.856
40,0,19.89,35.73,20.4267,37.03,18.2,39
50,0,22.89,41.53,23.4633,40,20.79,40.6567
110,0,23.1,38.96,23.8567,33.43,20.7,34.3633
140,10,21.4633,40.6633,22.7,44.245,20.2,42.26
50,0,19.23,46.8267,17.6,51.1511,17,48.9333
40,0,19.7,45.09,18.1,48.6633,17.1333,47.59
120,0,20.79,40.93,21.2386,38.1529,20.5,44.2
80,0,21.29,42.26,22.54,38.334,20.5,40.1267
100,0,22.1,35.9333,24.29,36.09,20.4267,34.39
60,0,21.5,37.4333,22.79,44.29,19.6,40.8633
50,0,22,41.5,22.7,40.7,20,42.2
40,0,22.79,39.4667,24.7,39.7233,19.89,38.3633
60,0,23.1,38.2,23.365,35.645,20.79,39.56
70,0,20.7,33.76,22.1,35.1267,18,38.7
50,0,22.29,41.79,23.2,47.036,21,41.8633
50,30,23.1667,45.09,21.1,55.2,17.89,50.1633
110,0,22.8233,38.36,23.934,36.754,20.73,38.56
40,0,20.0333,45.23,18.2,49.58,17.1,48.9
70,20,21.9633,44.6267,21.6,51.4667,18.0667,46.43
560,0,21.1667,33.8333,21.79,34.29,18.79,29.73
100,10,22.89,46.4,21.8678,53.045,17.1,51.06
180,20,18.5333,43.4,18.39,46.4333,16.7,45.5
60,0,21,41,23.1333,42.7,20.4633,43.1633
680,0,20.29,39.3333,21.4817,41.5144,18.5,39.9
120,0,21.6667,42.59,22.705,45.3494,19,41.76
280,10,20.6667,40.2667,20.3233,42.1333,16.8567,37.1
70,10,23.8233,34.59,23.1,41.4267,20.89,36.9286
30,0,21,39.09,21.29,39.59,19.7,37.79
20,0,20.1,45.1633,18.2,49.29,17.1,49.1267
50,0,21,39.3267,21.2,39.59,19.6,37.79
80,0,21.79,38.53,23.2,43.045,20.39,39.73
60,0,22.1,41.5,23.2,47.6589,18.6,43.4333
270,0,20.9267,40.3633,19.76,37.4333,17.6,36.59
120,10,19,38.9667,20.2332,42.6032,16.7,38.06
590,20,21.1,43.8267,20.1,48.7956,16.29,45.4667
100,20,23.2,45.1,21.4022,51.1106,18.39,46.76
120,0,21.6,42.6633,22.6667,45.4778,19,41.9333
70,30,21.73,38.29,21.9267,36.9,18,38.26
450,10,23.3233,49.7567,24.89,42,20.76,43.03
70,0,22.2,42.53,20.79,46.2961,16.29,42.7
20,0,18.89,44.79,18.4206,54.525,16.39,49.4
60,10,19.5,39.5967,19.2,37.9667,17.7,38.5
110,10,24.6814,47.0657,23.9714,48.9857,23.0857,46.4986
220,10,22,38.6567,23.8233,37.23,20.29,36.86
60,0,21.3567,35.9,23.29,37.6933,18.9633,39.26
120,0,22.8233,36.53,23.29,38.59,20.6,37.9667
110,30,23,44.2,21.4756,51.3433,18.39,46.5
50,0,23,36.09,23,43.1333,21.1,40.856
60,0,21.29,37.2,21.89,43.8267,19.29,41.2675
100,0,21.1,39.29,21.5,36.29,19.7,39
40,0,20.1,37.2,20.2,43.6267,17.6,39.59
70,30,20.8567,53.66,18.3567,50.0267,16.89,45.29
90,0,21.5333,45.3333,22.89,39.3514,20.7,41.9
140,0,26,39.0267,26.29,42.845,23.736,37.858
160,10,19.89,37.9,19.9144,42.3317,16,41.26
40,0,21.89,44.53,23.89,52.36,20.39,47.53
70,0,21.89,39.4667,20.6,46.4633,18.2,43.9
30,0,19.2,40.9333,18.39,43.6333,16.89,41.3175
50,0,21.89,39.09,21.2,37.4,23.6567,36.4
50,0,21.5,44,21.79,54,18.6,47.09
40,0,23.1,38.2,23.79,42.3431,20.5,41.1267
30,0,22,45.26,20.0778,50.4611,18.7,49.29
30,0,23.2,46.9667,22.79,48.4814,22.6333,45.09
40,0,19,41.2,17.89,44.89,16.89,41.9
40,0,20.5,35.09,21.5,41.56,18,39.7
50,0,21.79,35.53,23,43.03,19.6,39.1633
50,0,22.1667,39.7,19.2,48.76,17.39,47.7
180,20,22.79,37.8333,23.2,37.03,21,39.79
50,0,18.39,43.09,17.5,45.035,16.5,43.09
50,0,22.89,46,23.39,50.9,22.79,48.29
50,0,22.29,39.2,23.7,46,20.29,41.03
100,20,20.6,36.7,21.7675,35.295,18.2,41.73
360,0,24,38.5933,23.73,41.1633,22.2,41.714
110,0,22.2,38.2,23.79,39.1906,18.6,38.29
70,30,20.5,37.3633,20.6,36.8267,17.9633,41.29
130,30,22.7,36.03,23.7,33.4,19.6,34.9333
70,0,22.5,41.4,22.2,39.7,21.1667,41.1267
60,0,22.5,41.3267,22.2914,39.7643,21.1667,41.2
40,0,21.29,43.9,21,52.725,18.1,48.7
40,0,18.8567,39.5,20.2,43,18,40.4633
40,20,21.79,34.9975,22.5,38.565,18.29,38.79
20,0,23,41.09,23.7,43.275,22.6,43.8633
80,0,21.3567,36.56,22.39,36.5267,19.6333,37.9333
80,20,21.9633,38.7,22.79,38.7,20.6,38.6267
70,0,19.89,42.1267,21.8844,49.7039,18.79,45.3267
50,0,21.2,37.4,22.26,43.1633,20.29,39.2
60,0,24.89,48,25.3567,48.59,24,47.29
310,0,26.26,41.6233,25.83,43.7,24.1714,39.2386
100,10,22.89,49.5267,20.9022,51.3044,18.6,48.4
80,0,20,34.26,19.7129,36.4414,17.6,35.2
30,0,22.4175,37.4,23.79,40.73,19.5,38.1567
280,20,20.89,38.0667,20.89,35.6633,18.29,39.9
100,0,24.1,33.59,22.89,35.1725,20.89,35.7112
40,10,22.7,39.53,24.76,39.53,19.89,38.29
130,20,19.5,36.79,20.7,38.5,17.39,36.5
50,0,21.73,35.59,23,43.1175,19.6,39.2
100,0,21.4633,33.6633,21.6667,34.2933,18,39.2
80,0,21.39,38.8,22.39,44.53,19.6,42.03
90,0,25.5,49.8333,26.7,50.1933,24.1,48.8371
90,0,20.89,35,22.675,37,19.2,32.7
50,10,19.7,32.9,20.39,37.6633,18.29,40
60,0,22.5,41,23,40.53,20.8233,44.1267
90,0,20.6,37.7,20.89,38.86,17.79,37.59
50,0,21.29,38.29,22.9267,44.03,20.29,43.2
60,0,21.6333,35.99,22.26,32.8267,19.89,38.2
60,0,20.2,36.59,20.1667,44.3633,17.7,40.5
90,30,23.1,44.59,21.7,50,18.7,45.09
60,20,22.29,42,21.79,41.2383,18.89,40.9
40,0,18,40.29,17.3789,43.145,15.5667,39.9
110,0,20.6,36.9475,24.4267,37.9667,18.79,39.3267
420,10,25.5,46.99,24.6625,49.5187,23.2,46.8175
50,0,21.6,37.26,22.79,40.2967,20.2,34.6333
110,10,23.5,40.0267,23.6,39.03,19.7,38.23
230,10,23.5,45.6633,19.775,50.45,17.7,49.29
100,10,21.5,40.7667,21.5,38.6214,21,40.4
40,0,20.29,38.5,21,43.1267,18.1,41.76
410,20,16.79,45.29,18.0833,49.5072,15,44.7
50,0,21.39,35.7233,22.23,43.03,18.89,35.6633
60,0,20.5667,42.26,21.5667,43.635,19.1,43.59
120,30,21.73,38.8933,22.6,32.9633,18.29,38.7
110,0,22.2,39.03,22.04,38.374,21.1,39.09
20,0,21.5,44,21.79,53.9333,18.6,47.09
40,20,21.5,41.2,23.1667,38.73,19.7,38.26
90,0,21.3233,43.5267,20.2,46.6278,18.29,48.86
100,10,22.0333,38.6333,23.9022,39.1572,18.7,38.9
60,0,21.2,43.79,20.9572,52.9889,18.1,48.9
40,0,22.23,42.1267,22.1,41.2,21.3567,41.7
40,0,21.0333,38.3267,20.89,37.96,17.4267,35.46
80,0,23.4267,38.1267,25,36.93,22.7,35.018
50,0,25.2,39.7,26.0667,43.56,23.79,44.1843
100,20,22.8567,31.8267,23.79,32.9333,20.1,36.73
50,0,21.29,38.3633,22.39,37.15,19.1333,37.0967
50,10,21.5,37.6333,22.1667,41.9333,18.1,38.3214
30,0,19.6,41.09,20,43.5,17.29,38.53
70,0,24.2,41.76,23.39,43.7,22.6,43.73
30,0,18.26,39.1633,17.6667,42.0567,15.69,39.29
60,0,20.79,36.9,21.29,43.7,18.1667,41
60,0,22.29,39.1633,23,39.9,20.5,41.5
50,0,17.89,44.5,17.0722,46.7933,16.2,44.26
340,0,22.2,38.4,22.1,41.1267,20.39,40.1333
80,10,21.76,42.1633,22.6,41.3267,20,42.06
70,0,20.8567,36.29,21.1,35.4633,18,40.0267
100,0,21.79,35.2,24.1333,32,19.39,37.5
50,0,23.6667,35,23.29,44.4333,21,38.076
130,0,22.5,37.1175,23.7514,37.2129,20.79,37.4567
100,0,23.5,36.1667,25.2,35.4814,22.89,39.772
50,0,21.79,40,22.6,44.1633,19.9529,42.09
70,0,24.7,38.56,25.7,40.79,23.9214,45.5
90,20,21.23,39.59,23.79,41.4667,20,38.8267
50,0,22.2,39.53,22.7,44.3267,19.2,39.6267
30,0,21.89,44.5,23.89,51.9333,20.39,47.23
60,0,19.8233,46.06,17.79,49.8083,17.26,49.3633
50,0,20.1,42.7,22.0167,50.1844,18.89,45.7
140,0,23.7,39.93,23.34,35.365,20.5,41.4
90,30,22.39,47.1933,20.8844,49.0878,18.1,46.1267
130,20,21.5,41.29,22.3567,41.2667,19.89,41.8267
40,0,18.6,43.29,17.6111,45.01,16.6,43.29
110,10,25.6,42.7,25.1,45.254,23.6,41.8837
390,10,22.4967,43.1933,20.89,42.3656,17.79,40.5
50,0,20.79,42,20.4694,52.5306,16.7,49.09
50,0,22.2,35.7,23.2,42.9,20.3614,39.9571
50,0,22.175,37.7,21.39,39.09,20.29,38.2
70,0,23.0667,47,22.7,48.8529,22.5333,45
80,0,21.6,35.2,24.6,37.7667,20.2,35.6633
50,0,21.7,41.5,22.89,47.8233,18.6,44.295
310,0,22.8233,41.2267,23.76,41.1333,20.7,40.59
30,0,19.8567,37.7,21.1,44.6567,18.5,41.29
470,0,21.89,45.9667,23.29,47.1,20.5333,45.59
50,0,20.2,36.9,20.26,44.6633,17.39,38.53
260,0,20.29,38.6633,20.8567,42.2667,18.1,41.36
50,0,22.2,39.09,23,45.4,19.4267,39.7667
30,0,21.5,45.9,20.7,54.9883,18.89,50.3633
50,0,20.79,43.59,20.76,54.2,18.2,46.7
80,0,21.0429,39.1571,20,39.5,18.39,38.7
50,30,20.6,36.9,21.6,38.6267,19.2,37.9633
70,0,23.7,37.8267,23.7,40.4,21.575,36.79
80,0,22.89,45.03,24.29,46.09,20.73,44.7
60,0,23,39.7,25.4371,41.1943,22.79,41.3529
90,0,19.7,36.29,21.15,40.745,18.2,37.4667
100,10,20.76,40.8267,21.9572,43.035,18.2,38.79
70,0,21.89,40.26,22.79,37.4333,19.39,37.7
40,0,23.89,40.03,22.89,40.0267,22.79,40.44
90,0,21,39.73,22,46.29,19.5,43.9667
80,10,22.5667,45.79,19.89,50.5,17.7,49.6633
50,0,21.2,37.59,22.73,43.1267,19.5,38.6633
40,0,19.1,38.9,19.39,46.56,17.6667,42.8633
50,0,23.89,35,25.1333,35.79,22.89,37.09
60,0,21.1,39.7,21.1,40.1267,19.79,37.9
70,0,21.4267,45.5667,22.89,39.59,20.7,41.6333
50,0,22.39,35.5,23.39,43,20.39,39.5514
70,0,23,40.8267,23.6714,41.4657,22.5,43.7929
50,0,19.79,36.79,20.0333,43.9333,17.39,39.59
40,0,20.1,45.2,18.2,49.29,17.1,49.09
80,0,22.5667,41.5,22.89,48.2233,20.39,43.7
20,0,19.2,36.9,20.6,43.59,17.6,40.9667
120,0,22.0333,36.93,23.0333,36.4633,19.29,34.7
40,0,22.79,38.6267,23.5,41.23,19.79,39.1633
100,20,21.5,46.86,22.2,50.23,18.39,46.79
40,0,22,36.5771,21.4817,42.7117,18.5,39.6267
240,0,21.6,39.11,21.9686,37,18.7,41.29
70,0,21.1,50.99,21,47.32,18.89,47
80,0,22.1667,41.36,21,48.0967,17.73,44.29
110,0,21.3567,42.4,23.15,43.265,18.7,42.53
60,0,21,41.59,22.0389,48.4389,19.1,46.3267
90,0,23.5,39.3633,23.5,43.06,22,43.2667
130,0,24.4491,53.1812,24.7966,54.2555,23.2675,50.8091
60,0,22.29,43.3267,23.1,46.05,18.29,44.8267
50,0,19.0667,34.9,20,38.0667,18.2,37.925
80,20,21.89,42.1267,21.29,38.9333,20.9633,45
80,10,20.79,37.7,22.7,37.3267,19.79,35.8633
100,0,22.5,45.8633,23.79,41.49,21.1,44.0667
50,0,22.0667,40.93,22.6,41,20.89,45.4333
60,10,24.39,44.56,24.5,50.4333,22.6,44.5
40,0,19.6,41.23,19.79,42.9333,17.29,38.29
690,20,21.39,39.59,22.2,39.3333,21.1,41.0967
120,0,21.0333,34.4667,21.23,35.9667,18.8567,31.2933
70,10,22.73,27.7333,22.29,32.79,20.29,34.56
30,0,21.6333,39.8267,19.89,49.2,17.9267,47.29
50,0,22.89,33,22.5,33.73,20.29,35.2
40,0,21.7,38.5,22,39.4,20.1,37.79
70,0,24,45.06,24.29,46.1267,23,47.4667
50,0,24.7,47.5,25.08,48.656,23.89,47.79
70,10,21.1,45.1567,20.29,45.5983,18.2,45.29
50,0,22.4633,39.09,23.79,44.7667,20.2,40.145
40,0,19.7,46.09,17.7,50.4167,17.1667,48.9
60,30,22.89,45.4,20.89,55.7328,17.89,50.59
70,0,25.39,48.9,26.6,50.9667,23.79,48.5
50,0,20.39,35.4,21.23,41.53,18.2,39.79
90,0,20.73,45.6933,21.1761,42.8328,18,39.73
260,0,23.6333,40.49,23.3344,35.4744,20.5,39.4
50,0,21.39,35.7,22.6667,42.2233,19.6,39.56
80,0,17.6,36.29,19.8511,40.4717,15.69,35.79
20,0,20.79,39,20.89,44.4667,17.9267,40.3267
50,0,24.5,38.5,24.434,42.254,23.2,42.5
40,0,21,43.4,20.89,55.4,18.1,46.2
30,0,19.5667,37.2,20.9633,45.26,17.6,39.4
60,0,25,47.9,26.1,52.9,24,47.9
50,0,17.6,43,18.21,53.4989,15.5,48.7
100,0,22.1,42.4333,21.89,42.9,20.55,40.245
90,30,19.5,35.79,20.39,36.53,17.7,37.4333
70,20,21.8567,38.6633,22.73,39.06,20.6,38.59
40,0,20.815,37.6175,21.6,43.745,18.1,40.2
130,0,22.1667,43.93,21.1056,50.8739,16.73,47.23
50,0,19.39,42.09,19.6,48.1567,16.6,42.43
60,0,23,34.9667,21.4633,37.4,20.2,36.7
60,0,20.2,37.03,20.7,37.4,18.6667,35.9667
170,0,20.6,41.23,19.76,38.79,17.89,37.6633
50,0,20.79,37.73,21.5,35.2,18.2,42.2
60,10,23.29,40.79,23.89,44.7,22.66,42.978
50,0,20,43.7,17.79,49.4556,16.5,50
60,0,20.9633,37.5667,21.79,42.1633,19.7,41.06
50,0,22.1,41.5,23.1,46.4667,20.9267,42.7
50,0,23,42.9633,23.39,45.074,22.6,44.6633
110,0,22.9633,40.1633,23.89,39.29,20.73,39.7
100,10,20.7675,42.7675,22.6389,44.9161,18.7,41.26
40,10,18.2,39.59,18.765,45.4067,15.86,42.9233
40,10,21.39,39.2,21.2,41.3633,17.89,38.3333
60,30,22.1,40.1267,22.1,39.794,20.39,41.5633
60,0,21.2,38.56,22.89,43.8633,20.29,43.09
60,10,21.2,44.93,22.5056,44.8444,19.2,42.9333
60,0,24.5,46.6633,24.1,46.2,23.1,44.7
90,0,20.9686,37.78,20.8567,38.3633,18.6,38.1863
40,10,20.6667,36.4,21.79,37.4,19.5667,38.43
80,0,23.2,42.8633,21.8961,49.1767,18.8567,46.1967
380,0,21.2,38.59,22.29,41.79,19.6,40.5
50,10,22.2675,38.1725,22.5,38.7,20.5286,37.6529
110,0,24.7,52.7,25.39,53.0386,23.3186,50.7671
60,0,23.23,35.79,23.1,45,21,40.0643
70,20,21.5,36.53,22.79,38.7,20.39,36.39
30,0,21,33.5225,22.7,33.79,18.6,39.2
80,10,23.3567,35,24.4633,36.53,23.2,35.6943
60,0,19.89,42.79,18.39,47.3267,16.89,42.9
60,0,24.5218,52.0626,24.6817,53.3391,23.2399,50.0818
250,0,22.5,38.3633,21.89,38.09,20.4267,38.23
50,0,24.2,44.7,24.6,47.4667,22.89,47.23
50,0,20.1,37.2,20.79,43.29,18.39,41.4667
80,0,22.6,41.1567,22.89,46.9,20.3567,43.76
60,0,19.79,41.06,21.3844,46.3817,17.79,44.29
50,0,21.29,41.23,21.1,38.79,20.8567,39.6267
60,0,21.075,37.245,21.2,37.1686,18.6,41.7
70,0,20.3233,40.6933,19.79,40.03,18.1429,39.8371
100,10,23,49.8333,21.05,51.81,18.6,48.4
60,0,22.6,44.09,24.29,47.6633,20.79,45.3633
50,0,23.2,41.7,23.6,43.6686,22.7,43.5
60,0,20.1,39.03,19.79,42.2233,18.18,39.776
70,0,20.6,36.43,21.2,37.8333,19.1,35.4667
60,0,25.0667,39.9333,24.5,39.92,23.1,42.29
40,0,20.7,43.59,20.7,53.9667,18.26,47.06
60,0,22.6333,37.7,23.5,39.03,20.29,41.5
60,10,20.29,38.0967,21.1,43.4333,18.1,41.9
60,20,21.73,47.8633,20.3122,52.3206,18.29,51.09
80,0,19.2,41.79,19.5,50.5339,15.1,46.53
40,0,23.2,45.03,23.39,52.2357,22.6,45.2
50,0,22.1,40.9,22.6333,41.2,20.89,45.4
60,0,21.39,37.2,22.39,42.43,20.23,37.5
50,0,21.2,41.4,21.89,39.3057,20.5,43.5
40,0,20.0667,36.1633,19.8329,43.6371,17.5714,40.4
50,0,25.2,43.2,25.5,50.9,23.7,46.4414
30,0,20.89,39.4,21.2,39.5,19.6,37.59
60,30,20.2,39.29,20.3233,42.6567,18.29,41.6633
130,0,22.3233,46.09,22.6,44.772,20.79,45.9667
50,0,21.29,38.95,21.6333,39.5,19.89,37.7
80,0,24.5,37.6933,24.5,39,21.89,36.9633
60,0,22,42.4,23.1,48.134,20.79,45.7225
110,0,25.6333,30.79,24.79,36.2,22.29,37.59
60,0,20.89,42.09,21.29,42.9,19.5,41.09
70,0,20.26,51.1,17.9144,49.1328,17.025,47.425
250,30,21,43.5667,20.25,48.4161,16.29,45.1267
100,0,21.7129,36.9857,22.1857,37.4843,18.6,39.6786
70,20,22.6333,41.9333,23.5571,44.9543,21,39.79
40,0,20.29,42.4,19.9694,53.8106,16.79,49.7
70,0,23.6,44.6633,23.39,45.7475,22.6,43.79
40,0,21.6,45.09,20.9756,55,18.5,50.4
70,0,24.5,36.59,25.29,38.254,23.89,41.198
50,0,20.1333,37.7,19.89,40.23,17.89,38.93
70,0,20.1,36.6267,22.39,36.8333,18.39,37.5667
120,0,22.6,32.26,22.7,35.9267,20.2,34.7233
40,0,21.79,34.53,22.79,31.5333,18.39,39.9
50,0,22.6,45.79,20.8622,56.8511,18,51.5
40,10,17.79,37.7,18.2,40.655,15.6,37.7667
350,30,20.2,38.29,20.7,40.26,18,39.02
110,20,22.6,41.99,24.6333,38.53,20.5,37.645
110,30,21.7,44.1567,21.73,46.9667,18.5571,44.7543
40,0,19.29,41.29,19.525,41.8725,17.1,37.5
230,0,22,36.59,23.2,37.1633,19.3233,36.4667
30,10,19.5,39.06,19.2,37.79,17.7,38.3333
40,0,20.1,44.7,17.79,49.57,17.2,49.4667
80,0,21.26,35.56,20.6,37.59,17.29,35.5
60,0,22.26,41.29,23.2,47.0889,18.6,43.03
40,0,22.1,44.4,21.1,54.5811,18.29,48.145
50,0,20.39,36.79,20.2,37.26,17.79,39.79
50,0,22.2,35.1633,23.39,40.7,19.6,38.45
50,0,20.89,39.4,21.2,39.53,19.6,37.7
50,0,19.89,36.9,20.1,44.26,17.39,39.29
50,0,20.39,40.23,21.2,46.8878,18.2,45.5
50,0,21.05,39.045,21.5,39.6633,19.39,37.9
40,0,20.5667,37.2,21.1,43.59,18.39,40.79
60,0,21.0857,37.47,21.2643,37.2643,18.6,41.7
60,0,23.1,41,24,42.8686,22.5,43.5
90,10,22.1,40.95,20.3178,51.4083,16.79,46.245
60,0,22.1333,39.4,22.39,38.9,20.79,43.5
90,0,23.7,30.6633,24.6333,36.5,20.6,37.2229
100,10,22.4633,47.7633,19,45.0267,16.865,41.74
70,0,23.26,41.9667,23.3614,42.6214,22.6,42.65
30,0,21.29,36.09,21.2,44.5514,18.5,40.8371
50,0,20.6,38.03,20.1,37.856,17.79,41.2857
60,0,22.2,35.29,23.7,42.0267,20.5333,37.73
170,20,22.89,43.4,23,44.09,22.6,43.59
430,20,23.29,45.6267,19.79,50.2,17.7,49.2
90,0,22.2,39.4667,21.29,39.03,20.23,37.2667
30,0,22.29,39.59,23.2,46.5,19.8186,41.2957
330,0,21.2,40.73,21.29,41.7,20.745,42.37
50,0,20.9267,43.2,20.3178,45.245,17.1,49
40,0,22.2,37.2,22.5,37.5,19.79,39.9
290,0,26.1,41.7,25.39,43.3971,24.5,42.3814
50,0,22.1,41.6267,22.79,45.3,21.2,45.59
40,0,22.6,36.2,22.7,41.0667,19.5667,37.09
40,0,21.2,39.59,22.1,46.59,19.4633,43.76
50,0,23,40.9667,23.29,40.2,22.5,42.572
60,0,21.7,38.79,22.39,43.73,19.79,41.79
100,0,21.1,35.6633,22.73,35.53,18.5333,38.8633
50,10,21.7,39.7233,23.2,44.9667,20.39,43.2
30,0,20.39,40.09,20.5,49.7,18.1,42.29
50,0,20.6,43.9,18.39,48.7,17.0333,48.9333
80,0,19.79,34.53,20.39,36.59,17.89,36.2333
60,0,19.23,46.1267,18.265,54.4111,16.4633,48.93
60,0,21.1,39,21.39,39.5,19.7,37.7
70,20,20.79,37.7,22.7,37.3267,19.79,35.9
100,0,24.89,50.06,26.1,50.13,22.9686,48
50,0,24.79,47.29,26.1333,53.3633,24,47.09
100,0,21.39,36.8333,22.9267,38.1633,20.4633,37.2
430,0,19.1,34.8333,20,36.4633,18.2,39.56
70,20,24.7675,48.09,25.5,46.7,24.2129,46.1657
340,0,22.2,45,20.29,42.9822,18.6,46.2
50,0,22.1333,37.03,22.23,37.6267,19.79,39.8633
80,20,21.7,41.23,24.29,40.7667,20.4725,39.5675
50,0,20.5,35.2,22.79,41.3878,19.29,39.5
60,0,22.89,43.2,22.3733,50.29,19,47.8633
90,0,18.3233,45.43,18.5389,50.29,15,45.09
50,0,20.5,37,21.5667,40.4333,17.79,37.59
80,0,22.6,37.26,24.2,38.36,20.29,39.1267
70,0,20.79,38.4,22.2,37.79,19.7,36.6267
90,0,21.39,39.1633,23.23,42.26,20.39,39.09
60,0,20.7,35.9333,23.39,35.1,19.2,38.7
40,0,20.5,35.2,19.5,34.9,17.89,35.6267
110,20,22.29,40.3333,22.1667,39.1567,20.1,34.36
50,0,21,37.7,22,42.5,20.29,40.1175
100,10,23,41.9333,24.1333,42.79,19.79,40.5
50,0,22,38.09,22.2,39.2,20.26,37.9667
60,50,19.89,45.7667,18.1,48.59,17,45.29
90,0,22.075,40.045,20.2,50.1967,18,44.6633
50,0,23.9039,40.3713,23.987,42.7671,22.1,42.0131
40,0,21.39,37.4,21.89,39.76,18.29,38.23
60,0,19.29,38.79,19.6,46.78,15.89,41.4333
60,0,22.5,37.79,23.2,42.97,20.6,43.0675
50,0,21,40.29,21.2,41.156,20.6,43.7
60,20,19.2,44.06,18.2,49.2667,17.1,47.1
30,0,22,35.1633,23.5,42.8267,20.5,38.5
50,0,23.2,37.09,23.1,37.5,20.39,39.09
80,10,21.79,42.23,22.29,41.98,20.79,43.03
140,0,22.5,40.26,24.79,38.59,20.4267,37.03
50,0,21.6,36.5,21.79,38.5,19.79,38.356
120,30,21.39,43.09,23.5,45.8161,18.89,41.9667
110,0,22.39,48.3633,22.9878,44.9433,19,43.7
100,0,20.6,42.29,22.84,45.5294,19.2,43.4
50,0,20.79,40.3633,22.7,42.29,20.39,43.09
80,0,24.8764,46.6097,24.1215,48.8718,23.1052,46.5364
80,0,19.7,36.29,21.4267,40.29,18.2,37.29
50,0,20.79,43.5,20.79,54.26,18.2,46.7
50,0,21.7,39.09,21.29,39.9,20.29,38.8633
190,30,21.1333,36.9,22.39,39.23,18.245,37.1675
60,0,24.1961,38.7187,24.263,41.6779,22.1,39.9103
100,0,19.6967,42.7233,20.0182,43.3782,16.89,37.29
110,0,22.1,36.03,23.8567,36.1633,20.5,36.6633
50,10,19.79,39.1,19.79,43.3,17.89,38.1333
50,0,20.1,42.7,22.0333,50.1428,18.89,45.6633
50,0,24,39.9,22.89,39.2,22.79,40.2
50,0,21.7,44.59,23.6,52.26,20.5,48.09
40,10,21.1,39.09,21.1,44.4333,17.9633,39.56
60,0,21.6,41.4,22.79,48.4794,18.6,44.5
60,0,21,36.2,21.89,40.9,19.5,40
60,10,21.39,40.43,22.79,44.2,20.2,42.3267
370,0,22.1,39.1667,23.29,37.1267,20.6,39.545
40,10,21.2,36.195,22.39,41.7,19.6,39.79
70,0,25.29,48.7,26.4267,50.7667,23.79,48.4
20,0,20.1,40.3633,20.1,36.4667,17.79,39.76
80,0,23.7,33.23,24.9686,36.2,20.4267,33
90,0,22.2,44.06,23.3567,43.7,20.39,42.79
60,0,23.7,42.9,24.9057,44.0557,22.29,40.874
50,0,21.1,41.29,21.79,38.9,20.6,43.79
90,0,22.1,42.425,21.9986,42.9986,20.6,40.29
50,0,24,44.9,24.26,49.93,22.73,46.1633
120,0,22.1,38.6633,22.5,36.5267,20.6,37.1633
770,20,20.2,40.5,20.4267,38.4333,18.1667,37.4
270,0,23.1,39.0267,23.29,38.4933,20.5,42.59
110,0,22.6333,32.7233,22.5667,35.03,20.29,35.8267
50,0,20.39,36.09,21,42.9,18.1667,41.06
60,0,22.89,34.59,24.18,41.5,20.5,38.29
60,0,22.6,39.4,23.1,48.56,20,43.7
60,0,20.89,36,21.2,36,19.5,35.29
100,30,22.8233,31.9267,23.79,33.2,20.1,36.26
60,0,20.7,39,20.89,44.4,18,40.6633
60,10,22.7,36.29,22.7,39.6633,19.5,36
50,0,21.1,38.09,21.5,40.7,19.6,39.2
60,20,20.1,38.3633,21.6,40.43,17.6,36.56
40,0,20.1,43.73,18.78,45.8878,17.2,43.73
60,0,21.7,48.6633,19.8844,49.3939,18.39,49.5667
540,20,19.7,35.43,20.0667,36.3333,17.79,38.36
50,0,21.8567,38.79,21.2,39.3267,20.29,38.4667
50,0,19.89,36.8267,21.2,44.3267,18.5,41.1267
260,0,22.5,38.4,21.89,38.2,20.5,38.29
40,0,21.9633,42.29,22.3511,49.6867,18.89,43.2233
120,0,23.5,39,23.29,35.356,20.4267,38.23
60,10,21.4267,38.79,18.39,42.9822,17.5667,46.56
50,0,23.7,34.7,23.23,43.6933,20.89,37.5643
80,0,20.29,43.7,18.6444,51.24,16.29,47.1267
70,0,23.5,44.29,23.39,46.036,22.6,43.9667
40,0,21.29,45.5267,21.2,51.4294,19.2,48.7267
60,0,24.7,48.9333,26.2,49.736,23.1,49.312
90,0,22.2,44.9,24.6,48.2,20.29,45.4
100,0,22.79,45.2667,24.3567,41.56,21,40.4333
60,0,21.7,35.7725,22.4267,32.9667,18.29,40.2
210,0,20.89,40.7,21.6,42.4667,19.39,41.7
100,0,21.2,40.6933,21.29,41.76,20.7,41.5667
80,0,20.89,45.09,20.29,47.9,18.6714,46.44
70,20,24.5,44.59,24.6,49.7667,22.6667,44.5267
40,10,21.5,35.5,22.39,42.9,18.89,35.4667
230,20,22.29,46.6333,22.73,49.4667,18.39,46.79
30,0,20.0667,43.8633,18.79,46.2233,17.1667,43.79
50,0,20.89,43.7225,22.89,49.3961,18.89,43.79
60,0,20.8233,43.09,19.9817,45.58,17.1,49
40,0,18.0333,43.4333,17.2,45.4,16.29,43.29
60,0,21.1,40.4,21.39,40.79,19.7,39.2
60,0,24.29,46.9975,24.2,46.7,23.1,45.6267
70,0,20.7,33.79,22.0333,35.2,18,38.79
300,0,22.79,41.7333,24.39,42.9333,20.79,44.26
50,0,23.1,45.4,23.5,51.96,22.6,46.09
110,0,19,35.5,20.1333,40.4633,18,39.4
90,0,22.6667,35.4667,23.7,33.7233,19.5333,34.4
40,0,21.6,38.5,22.39,39.2,20.5,39.4
60,10,22.6,43.2233,22.5,42.856,20.89,44.43
130,20,23.5,34.9333,25.79,34.26,22.89,32.59
50,10,20.2,41.1267,21.79,46.2039,17.7,43.29
50,0,20.5,34.93,19.6,35.054,17.7,36.4
80,0,24.2,35.36,23,33.9,20.89,36.29
80,20,22.9267,42.9333,23.2,43.9,22.6,44.2
120,10,16.89,44.29,16.4572,48.3711,15.0667,43.76
40,0,19.1,37.7,20.7,43.26,18,40.59
90,0,22.39,42.9333,24.0333,46.9633,20.29,43.9
80,0,22.89,43.1567,23.1,44.09,22.6,43.76
60,0,24.23,47.03,24.2,46.76,23.1,45.7
60,0,20.89,39.29,21.79,41.7667,20.2,40.03
40,0,24.79,47,25.7,49.254,24,47.5
420,10,16.79,45.2667,18.1556,50.4511,15,44.59
70,20,21.39,43.4,21.7,48.4333,18.52,45.09
60,0,22.89,37.6633,22.5333,38.7233,20.3614,39.5
50,0,19.39,37.03,20.79,44.29,17.6,40.23
250,0,21.29,36.43,22.5333,37.4,19.6,37.3267
60,0,24.2,41.59,23.39,43.23,22.6,43.3633
30,0,18.89,37.9,20.5,43.2,18,41.4
60,0,22.5,39.09,22.6,39.4,21.1,39.7
60,0,21.29,39.1633,23.0333,44.03,19.93,40.0267
80,0,22.7,39.29,23.16,40.4,20.89,42.73
50,0,22.2,35.59,23.2,42.56,20.39,39.8529
50,0,20,35.09,21.0667,40.6633,18,39.79
30,0,19.7,37.79,21.2,38.1933,18,37.3267
40,0,22.79,39.29,24.2,40.054,22.7,40.09
50,0,19.5667,46.6633,18.25,54.4433,16.39,48.79
20,0,18.89,44.79,18.4267,54.5133,16.4175,49.425
270,0,19.6,37.26,19.15,38.09,17.6,38.9114
60,0,20.6,42.9667,21.29,49.29,18.6143,47.1057
90,10,22.5667,40.4933,22.4633,30.1333,19.7,37.59
90,10,22.6,39.3267,23.79,39.06,19.4633,37.59
50,0,20.79,35,21.73,39.8633,18,39.7
30,0,20.29,35.03,22.6,41.1694,19.29,39.9
60,0,23.0667,45.3633,24.29,44.7967,20.7,44.45
70,0,22.5,42,23.31,45.54,21,40.1267
130,0,23.6,40.8667,23.5,39.4,19.7,38.86
60,0,20.29,40.4333,21.0944,46.5583,18.2,45.53
50,0,21.29,35.29,22.3567,38.4633,18,38.5
60,0,24,45,24.23,49.9333,22.76,46.4
70,0,20.89,44.9,21,48.065,18.89,47.03
120,10,24.9633,50.39,25.89,50.516,23,48.054
30,0,19.6333,38.9333,20.1,44.1333,16.3233,40.1267
100,0,21.8567,36.1567,22.73,39.3267,19.1,33.4333
40,0,21.2,41.4667,23.3233,43.8267,20.39,42.6633
80,0,21.1,45.2933,21.6389,47.8022,19,43.3633
50,0,19.79,37.4,21.2,43.6567,17.6,38.23
60,0,20.8567,33.3633,21.5,35.2,18.39,40
50,0,20.73,41,22.1,49.1022,18.7,45.26
30,0,23.6,39.0267,24.1,43.3371,22.6,44.6267
70,10,21.65,38.69,20.2,42.8633,18.0333,42.8267
90,20,20.39,38.7933,21.5,36.43,18.2,35.59
50,0,22.2,40.3633,21.1,47.2233,17.76,44.29
50,0,22.1333,43.79,23.7,48.1633,20.8567,46.4
720,10,22.2,37.9333,22,39.5,20.5,37.86
50,0,18.6,42.4,19.0333,50.36,16.7,47.76
80,20,20.7,43.6333,19,46.3328,17,47.09
50,0,22.7,38,22.8961,44.2,19.79,41.06
50,0,20.7,37.7,21.4267,43.53,18.0667,40.76
80,0,22.5,39.3267,22.7,39.7,21,39.5
60,0,22.1667,42.1633,22.1,41.2,21.39,41.56
50,0,21.175,40.1725,20.6,46.5,18.254,42.754
160,0,25.3,49.66,24.6,46.8,23.1,43.1175
60,30,21.79,46.23,20.7,56.2144,18.29,52.59
40,0,20.7,36.29,22.1,40.29,19.6,39.3633
60,0,21.2,45.7,20.6444,53.8389,19,50.59
90,0,21.5,39.53,22.1333,41.6694,18.2,38.9
50,0,23.025,42.475,22.255,48.0256,18.89,43.03
60,0,21.76,35.29,23.39,41.6633,20.5,39.1633
60,0,23.79,45,24.2,50.06,22.76,46.59
60,0,20.89,37.43,22.39,35.3267,18.1,39.79
90,0,25.5667,32.3567,24.5,35.53,22.29,37.918
60,0,22.26,38.76,22.2,36.5,20.73,39.7
70,0,20.6,37.7267,21,39.09,17.79,37.3633
50,0,22.5,43.8333,23.39,42.754,20.79,42.1633
190,20,19.2,39.53,19.7579,40.0364,16.79,38.09
110,0,21.5667,37.53,22.2,38.4333,18.2,36.29
60,0,22.89,41.59,23.5,44.4286,22.6,44.7
70,20,23.7,45.29,21.1,54.1633,17.79,49.3267
80,0,22.29,39,22.3186,38.4714,21.1,39.23
50,0,21.29,39.4,21.6,40.5,20.6,42.8633
70,10,20.79,42.6333,21.6722,46.4722,19.0667,44.0933
440,0,22.89,36.6,22.89,37.9633,20.6,38.5
100,10,22.79,41.73,19.76,45.39,16.89,41.7233
50,0,23.1,41.79,22.89,39.9286,22.6,42.0686
50,0,23.8233,40.3267,24.39,43.8671,22.6,43.9
110,20,22.5667,33.1267,22.79,36.9667,20.1333,35.26
80,0,23.2,41.9,23.1667,42.4667,22.6,39.98
110,0,19.29,40.6633,19.29,44.53,17,40.1267
50,0,21.7,38.73,22.4633,43.8633,19.79,41.76
60,0,21.39,39.5,22.2,47.06,19.4633,43.4667
50,0,21.1667,36.09,21.79,41.2267,18.29,38.9333
50,0,21.89,42.5,23.0571,47.9571,20.79,45.9667
70,0,21.3567,41.03,21.6,39.25,21.36,39.8333
40,30,22.6,37,22.6,41.8267,19.2,36.8267
60,0,21.2,40,21.39,39.9,19.76,38.5
80,0,22.1857,37.1214,22.1857,39.3214,18.5,38.0829
40,0,21.3567,35.3633,23.5,38.03,19.29,38.09
60,0,21.29,33.4667,22.9633,32.53,19.7,37.7
80,10,20.6,33.2667,25.1,33.29,19,39.2
60,0,20.29,39.73,21.4511,41.8872,18.5,40.45
50,0,22.79,39.23,23.89,43.3633,20.39,37.76
50,0,22.5,37.7,22.79,43.8206,19.79,41.59
50,0,21.29,36.09,21.1429,44.5,18.5,40.9
60,20,22.39,44,21.3511,52.7733,18.29,46.9
60,0,20,44.4333,18.5,46.9167,17.1,44.2
100,20,21,37.2,21,38.1233,17.29,35.59
30,0,20.26,35.7,21.2,41.76,17.89,39.5
20,0,18.79,46.59,17.4633,50.38,16.79,48.09
50,0,21.29,36.29,21.89,38.7233,19.79,38.53
70,0,20.5,42.1633,23,45.5167,19.1,42.8633
100,0,23.4267,46.0967,24.76,42.09,20.7,43.5
50,0,21.2,43.26,21,55.23,18.1,45.8633
100,0,23.5,36.6933,25.2,35.82,22.89,39.7514
320,0,24.7,47.9667,25.89,50.6633,24.1,47.298
130,0,22.9633,54.8233,23,42.44,21.2,41.5633
50,0,22.2,43.4667,23,44.79,20.79,43.3267
50,10,21.39,47.09,21.1222,58.3106,17.6,52.79
60,0,21.9633,39.4333,21.39,37.29,20.7,41.4633
150,0,20.76,36.4967,24.89,34.1267,18.9633,39
70,0,20.956,38.732,20,39.5,18.37,38.7
90,0,21.1,33.5,22,34.09,18.79,29.29
80,10,21.29,39.9333,22.245,39.095,21.1,41.5967
80,10,22.7,41.925,22.5389,43.6489,18.2,41.4
130,0,24.89,50.59,25.89,50.8286,23,48.2957
40,0,20.29,37,20.29,44.29,17.3567,38.29
70,0,22.0875,37.0213,22.1333,38.9983,18.5,38.4643
50,0,21,40.2,20.79,47.5267,18,40.73
40,0,20.4267,34.3267,19.6,34.9,17.7,36.1057
140,10,20.26,38.3633,21.1,38.06,17.29,35.59
50,0,21.9633,44.5,21.1,55.245,18.39,48.73
610,0,19.8233,34.9667,20.5333,34.3333,18.2,39.9
50,0,21.9633,39.29,21.29,37.518,20.76,40.5967
50,0,18.79,44.5,18.6,52.3,17.2,49.9633
50,0,20.7,39.8243,20.1,39.7129,18.3043,38.7
100,10,23.7,43.4333,24.89,43.754,22.29,40.3686
100,10,21.2,47.96,21.39,36.8,18,36.4333
60,0,21.89,40.1267,21.6,37.86,20.79,40.76
50,10,21.1,41.29,23.2,43.09,20.4633,43
230,0,20.79,36.59,21.8233,37.1567,19.39,38.4633
50,0,21,45.2233,20.4939,51.4967,18.89,48.23
90,20,22.39,38.79,24.79,41.5933,20.6,41.1967
50,0,20.6,34.7,21.29,35.995,19.4633,36.9333
70,10,19,39.2,19.39,44.8144,16.79,41.59
40,0,21.39,40.09,22.23,44.0667,19.6,42
50,0,21.1,41.29,23.29,43.3267,20.4633,42.93
50,0,21.29,39.59,22.1,46.9667,19.4633,43.59
130,0,22.89,39,21.3233,40.6267,18.79,37.7
140,30,21.6,44.36,21.5333,47.1633,18.6,44.9714
50,0,17.89,44.56,17.0278,46.8206,16.23,44.36
20,0,22.79,40.09,20.6,47.9667,17.89,47
140,20,23.0667,41.6,23.29,44.3694,18.5,40.8633
50,0,21,44.09,21.5,53.1022,19.0667,48.7
130,30,23.2,42.7233,23.29,43.3006,18.5,41.09
60,0,22.1,39.4,22.3471,38.8371,20.79,43.56
40,0,21,35.7,23.1,39.59,18.9267,39.7
50,0,21.2,39.9,21.79,40.9667,19.4633,39.4667
190,0,21.2,43.0667,22.0286,40.2257,20.7225,43.3975
40,0,20.3567,36.7,20.29,44.8267,17.7,40.03
40,0,19.0667,39.2,19.39,44.8633,16.79,41.59
70,0,22.6667,37.9,23.5,39.1633,20.29,41.53
50,0,20.89,39.4,21.2,39.59,19.6,37.7
60,0,19.89,42.7,21.79,49.4389,18.8233,45.23
50,0,22,41.9333,20.79,47.4639,16.39,45.46
80,0,21.29,35.4667,20.6,37.6529,17.29,35.5
50,0,25.0667,43.8267,25.33,51.29,23.79,48.8686
50,0,18.79,46.59,17.39,50.2,16.79,48
50,0,21.76,34.3083,22.745,31.31,18.39,39.79
50,0,22.7,42,23.5333,46.7,20.89,44
130,20,23,41.3175,23.29,44.4,18.5,40.79
90,0,21.5,38.1267,22.5,37.1633,19.6,38.8267
90,10,20,43,19.6,51.7267,16.89,49.4333
40,0,19.6,43,18.6333,50.39,17,45.7
50,10,21.1,41.29,22.5,42.79,19.6,38.9667
50,0,20.6667,35.3633,22.76,39.29,18.89,40.09
50,0,21.89,38.4,22.79,42.8033,20.5,41.93
50,0,22.39,37.59,22.7,43.7,19.79,41.76
30,0,21.89,40.1567,21.7,37.79,20.79,41.76
40,0,21,36.3214,21.0571,44.5643,18.5,41.4
60,10,20.6,41.2,22.1389,43.5339,17.7,41.56
50,0,24.79,47,25.7,49.4971,24,47.6214
300,0,21.39,37.9,21.6,41.83,19.4267,41.06
50,0,20.2,34.29,21.39,40.1267,18.79,38.8633
620,0,22.7,41.7233,22.8757,41.3614,21.2,41
70,10,21.89,35.93,23,41.73,20.39,40.2643
60,0,23.6,30.4,23.39,34.2,20.79,35.53
80,0,21,39.2267,20.9175,36.9975,18.2,38.1267
270,0,20.1667,37.76,20.5,38.2,18.6,36.6725
120,0,22.6,38.9667,24.1,39.06,20.29,38.1633
50,0,21.79,35.2,23.39,42.2667,20.5,39.03
70,0,22.89,40.4,23.39,39.2,22.7,40.552
50,0,19.6,36.79,19.5667,39.8267,17.6,38.4
120,0,23.5,37.5333,24.2,36.1633,23.1143,37.8957
